Contact Id (18 digit),Opportunity Id (18 Digit),Lead Source (recent),Stage,[REDACTED],Recurring [REDACTED],Created Date,Close Date
003Dm000005HSiLIAW,006Dm000004SLbnIAG,Contact Sales,Development,45000,0,[REDACTED],[REDACTED]
003Dm000005HR1kIAG,006Dm000004SJTrIAO,Contact Sales,Qualified Opportunity,,0,[REDACTED],[REDACTED]
003Dm000005HSbPIAW,006Dm000004SLUIIA4,Contact Sales,Qualified Opportunity,,0,[REDACTED],[REDACTED]
003Dm000005HSp7IAG,006Dm000004SLhrIAG,Contact Sales,Qualified Opportunity,,0,[REDACTED],[REDACTED]
003Dm000005HSeOIAW,006Dm000004SLYAIA4,Contact Sales,Qualified Opportunity,40000,0,[REDACTED],[REDACTED]
003Dm000005HR0XIAW,006Dm000004SJRWIA4,Contact Sales,Qualified Opportunity,,0,[REDACTED],[REDACTED]
003Dm000005HRFcIAO,006Dm000004SJnwIAG,Contact Sales,Qualified Opportunity,,0,[REDACTED],[REDACTED]
003Dm000005HR2nIAG,006Dm000004SJUpIAO,Contact Sales,Qualified Opportunity,50000,0,[REDACTED],[REDACTED]
003Dm000005HR1BIAW,006Dm000004SJSUIA4,Contact Sales,Development,50000,0,[REDACTED],[REDACTED]
003Dm000005HSCKIA4,006Dm000004SKxdIAG,Contact Sales,Qualified Opportunity,40000,0,[REDACTED],[REDACTED]
[REDACTED],006Dm000004SJQ4IAO,Contact Sales,Referred to [REDACTED],[REDACTED],0,[REDACTED],[REDACTED]
003Dm000005HMWrIAO,006Dm000004SFK2IAO,Contact Sales,Qualified Opportunity,17000,0,[REDACTED],[REDACTED]
003Dm000005HMk1IAG,006Dm000004SFYYIA4,Contact Sales,Development,[REDACTED],0,[REDACTED],[REDACTED]
003Dm000005HMlXIAW,[REDACTED],Contact Sales,Solution Design,[REDACTED],0,[REDACTED],[REDACTED]
003Dm000005HMVoIAO,006Dm000004SFIzIAO,Contact Sales,Qualified Opportunity,50000,0,[REDACTED],[REDACTED]
003Dm000005HMl3IAG,006Dm000004SFaKIAW,Contact Sales,Development,[REDACTED],0,[REDACTED],[REDACTED]
003Dm000005HMXfIAO,006Dm000004SFLKIA4,Contact Sales,Qualified Opportunity,50000,0,[REDACTED],[REDACTED]
003Dm000005HMkjIAG,006Dm000004SFYxIAO,Contact Sales,Solution Design,[REDACTED],0,[REDACTED],[REDACTED]
003Dm000005HMgDIAW,006Dm000004SFSpIAO,Contact Sales,Development,40000,0,[REDACTED],[REDACTED]
003Dm000005HKfZIAW,006Dm000004SCxRIAW,Contact Sales,Development,[REDACTED],0,[REDACTED],[REDACTED]
003Dm000005HLUhIAO,006Dm000004SEHRIA4,Contact Sales,Development,45000,0,[REDACTED],[REDACTED]
003Dm000005HJzeIAG,006Dm000004SCN8IAO,Contact Sales,Qualified Opportunity,400000,0,[REDACTED],[REDACTED]
003Dm000005HK3gIAG,006Dm000004SCSNIA4,Contact Sales,Development,[REDACTED],0,[REDACTED],[REDACTED]
003Dm000005HJz0IAG,006Dm000004SCMyIAO,Contact Sales,Rejected [REDACTED],40000,0,[REDACTED],[REDACTED]
003Dm000005HJz1IAG,006Dm000004SCMzIAO,Contact Sales,Development,[REDACTED],0,[REDACTED],[REDACTED]
003Dm000005HMPtIAO,006Dm000004SFEnIAO,Abandoned Cart,Development,30000,0,[REDACTED],[REDACTED]
003Dm000005HMPjIAO,006Dm000004SFEiIAO,Contact Sales,Referred to [REDACTED],[REDACTED],0,[REDACTED],[REDACTED]
003Dm000005HMPkIAO,006Dm000004SFEjIAO,Contact Sales,Solution Design,60000,0,[REDACTED],[REDACTED]
003Dm000005HI2sIAG,006Dm000004SAIGIA4,Contact Sales,Qualified Opportunity,50000,0,[REDACTED],[REDACTED]
003Dm000005HIN3IAO,[REDACTED],Contact Sales,Development,50000,0,[REDACTED],[REDACTED]
003Dm000005HJSaIAO,006Dm000004SCMFIA4,Nurture,Qualified Opportunity,,0,[REDACTED],[REDACTED]
003Dm000005HI9aIAG,006Dm000004SAQjIAO,Web Content,Development,[REDACTED],0,[REDACTED],[REDACTED]
003Dm000005HJpKIAW,006Dm000004SCKOIA4,Contact Sales,Qualified Opportunity,,0,[REDACTED],[REDACTED]
003Dm000005HJw5IAG,006Dm000004SCMAIA4,Contact Sales,Qualified Opportunity,1,0,[REDACTED],[REDACTED]
003Dm000005HFNGIA4,006Dm000004S7GSIA0,Contact Sales,Qualified Opportunity,1,0,[REDACTED],[REDACTED]
003Dm000005HFV5IAO,006Dm000004S7ERIA0,Contact Sales,Closed Lost,50000,0,[REDACTED],[REDACTED]
[REDACTED],006Dm000004S91iIAC,Contact Sales,Solution Design,40000,0,[REDACTED],[REDACTED]
[REDACTED],006Dm000004S6fpIAC,Contact Sales,Qualified Opportunity,,0,[REDACTED],[REDACTED]
003Dm000005HEzwIAG,006Dm000004S6jmIAC,Contact Sales,Development,150000,0,[REDACTED],[REDACTED]
003Dm000005HEulIAG,006Dm000004S6eXIAS,Contact Sales,Qualified Opportunity,,0,[REDACTED],[REDACTED]
003Dm000005HFNFIA4,006Dm000004S7GRIA0,Contact Sales,Development,50000,0,[REDACTED],[REDACTED]
003Dm000005HGOsIAO,006Dm000004S8SJIA0,Contact Sales,Solution Design,[REDACTED],0,[REDACTED],[REDACTED]
003Dm000005HH5eIAG,006Dm000004S9L9IAK,Contact Sales,Development,294000,0,[REDACTED],[REDACTED]
003Dm000005HDxnIAG,006Dm000004S5w6IAC,Contact Sales,Development,[REDACTED],0,[REDACTED],[REDACTED]
[REDACTED],006Dm000004S3TgIAK,Outbound,Development,50000,0,[REDACTED],[REDACTED]
[REDACTED],006Dm000004S4tpIAC,Contact Sales,Referred to [REDACTED],[REDACTED],0,[REDACTED],[REDACTED]
003Dm000005HC28IAG,006Dm000004S3NYIA0,Contact Sales,Qualified Opportunity,,0,[REDACTED],[REDACTED]
003Dm000005H4D1IAK,006Dm000004RwlYIAS,Contact Sales,Development,45000,0,[REDACTED],[REDACTED]
003Dm000005H4QFIA0,006Dm000004Rx3SIAS,Contact Sales,Qualified Opportunity,50000,0,[REDACTED],[REDACTED]
003Dm000005H4EOIA0,006Dm000004RwmqIAC,Contact Sales,Referred to [REDACTED],[REDACTED],0,[REDACTED],[REDACTED]
003Dm000005H4KvIAK,006Dm000004RwuzIAC,Contact Sales,Development,40000,0,[REDACTED],[REDACTED]
003Dm000005Gy5WIAS,006Dm000004RtyPIAS,Contact Sales,Referred to [REDACTED],[REDACTED],0,[REDACTED],[REDACTED]
003Dm000005Gy5qIAC,006Dm000004RtyoIAC,Contact Sales,Development,80000,0,[REDACTED],[REDACTED]
003Dm000005GzTHIA0,006Dm000004RuYrIAK,Contact Sales,Development,50000,0,[REDACTED],[REDACTED]
003Dm000005GzPUIA0,006Dm000004RuTIIA0,Contact Sales,Development,[REDACTED],0,[REDACTED],[REDACTED]
003Dm000005H4CXIA0,006Dm000004RwkuIAC,Contact Sales,Qualified Opportunity,60000,0,[REDACTED],[REDACTED]
003Dm000005Gy7hIAC,006Dm000004Ru1TIAS,Contact Sales,Development,50000,0,[REDACTED],[REDACTED]
003Dm000005GvfsIAC,006Dm000004RpmyIAC,Contact Sales,Development,[REDACTED],0,[REDACTED],[REDACTED]
003Dm000005Gvf4IAC,006Dm000004RplgIAC,Contact Sales,Development,50000,0,[REDACTED],[REDACTED]
[REDACTED],006Dm000004Rrl4IAC,Contact Sales,Development,50000,0,[REDACTED],[REDACTED]
003Dm000005GvdrIAC,006Dm000004RpjfIAC,Contact Sales,Development,50000,0,[REDACTED],[REDACTED]
003Dm000005GslDIAS,006Dm000004Rme8IAC,Contact Sales,Development,50000,0,[REDACTED],[REDACTED]
003Dm000005Gsm9IAC,006Dm000004RmY5IAK,Contact Sales,Development,40000,0,[REDACTED],[REDACTED]
003Dm000005GsshIAC,006Dm000004RmjIIAS,Contact Sales,Qualified Opportunity,500000,0,[REDACTED],[REDACTED]
003Dm000005GtZBIA0,006Dm000004RnboIAC,Contact Sales,Referred to [REDACTED],50000,0,[REDACTED],[REDACTED]
003Dm000005GsmdIAC,006Dm000004Rmb4IAC,Contact Sales,Development,40000,0,[REDACTED],[REDACTED]
003Dm000005Gsn7IAC,006Dm000004RmeNIAS,Contact Sales,Development,35000,0,[REDACTED],[REDACTED]
[REDACTED],006Dm000004Rn9aIAC,Contact Sales,Rejected [REDACTED],1,0,[REDACTED],[REDACTED]
003Dm000005GslpIAC,006Dm000004RmXvIAK,Contact Sales,Development,[REDACTED],0,[REDACTED],[REDACTED]
003Dm000005GsnvIAC,006Dm000004Rmf1IAC,Contact Sales,Development,35000,0,[REDACTED],[REDACTED]
003Dm000005GslEIAS,006Dm000004Rme9IAC,Contact Sales,Development,[REDACTED],0,[REDACTED],[REDACTED]
003Dm000005GsngIAC,006Dm000004RmemIAC,Contact Sales,Development,40000,0,[REDACTED],[REDACTED]
003Dm000005GsmnIAC,006Dm000004Rmc2IAC,Contact Sales,Development,50000,0,[REDACTED],[REDACTED]
[REDACTED],006Dm000004RnCAIA0,Contact Sales,Rejected [REDACTED],1,0,[REDACTED],[REDACTED]
003Dm000005GnkrIAC,006Dm000004RiT6IAK,Contact Sales,Qualified Opportunity,50000,0,[REDACTED],[REDACTED]
003Dm000005Goa8IAC,006Dm000004RjKCIA0,Contact Sales,Development,150000,0,[REDACTED],[REDACTED]
003Dm000005GogkIAC,006Dm000004RjjVIAS,Contact Sales,Development,[REDACTED],0,[REDACTED],[REDACTED]
003Dm000005GnfmIAC,006Dm000004RiE1IAK,Contact Sales,Solution Design,70000,0,[REDACTED],[REDACTED]
003Dm000005GoiSIAS,006Dm000004RjlNIAS,Contact Sales,Development,[REDACTED],0,[REDACTED],[REDACTED]
003Dm000005GoiQIAS,006Dm000004RjlLIAS,Nurture,Development,[REDACTED],0,[REDACTED],[REDACTED]
003Dm000005GniIIAS,006Dm000004RiXEIA0,Contact Sales,Development,50000,0,[REDACTED],[REDACTED]
003Dm000005GngGIAS,006Dm000004RiFsIAK,Contact Sales,Proposal,57800,0,[REDACTED],[REDACTED]
003Dm000005GnivIAC,006Dm000004RiPdIAK,Contact Sales,Development,76000,0,[REDACTED],[REDACTED]
003Dm000005GosYIAS,006Dm000004RjxbIAC,Contact Sales,Solution Design,50000,0,[REDACTED],[REDACTED]
003Dm000005GowpIAC,006Dm000004Rk2bIAC,Contact Sales,Closed Lost,40000,0,[REDACTED],[REDACTED]
003Dm000005GmUgIAK,006Dm0000039yHoIAI,Contact Sales,Referred to [REDACTED],[REDACTED],0,[REDACTED],[REDACTED]
003Dm000005GjJbIAK,006Dm0000039wQPIAY,Contact Sales,Qualified Opportunity,,0,[REDACTED],[REDACTED]
003Dm000005GmmfIAC,006Dm0000039ye9IAA,Contact Sales,Development,[REDACTED],0,[REDACTED],[REDACTED]
003Dm000005GnaaIAC,006Dm000004Ri8DIAS,Contact Sales,Closed Lost,80000,0,[REDACTED],[REDACTED]
003Dm000005GlhFIAS,006Dm0000039xLpIAI,Contact Sales,Development,50000,0,[REDACTED],[REDACTED]
003Dm000005GmmBIAS,006Dm0000039yFjIAI,Contact Sales,Development,15000,0,[REDACTED],[REDACTED]
003Dm000005GjMMIA0,006Dm0000039wUCIAY,Contact Sales,Solution Design,[REDACTED],0,[REDACTED],[REDACTED]
003Dm000005GlRHIA0,006Dm0000039wyMIAQ,Contact Sales,Development,40000,0,[REDACTED],[REDACTED]
003Dm000005GlWXIA0,006Dm0000039x58IAA,Contact Sales,Referred to [REDACTED],[REDACTED],0,[REDACTED],[REDACTED]
003Dm000005GlK2IAK,006Dm0000039wyhIAA,Contact Sales,Qualified Opportunity,80000,0,[REDACTED],[REDACTED]
003Dm000005GgnZIAS,006Dm0000039tgoIAA,Contact Sales,Development,50000,0,[REDACTED],[REDACTED]
003Dm000005GjHkIAK,006Dm0000039wOxIAI,Contact Sales,Proposal,53500,0,[REDACTED],[REDACTED]
003Dm000005GhRqIAK,006Dm0000039uWzIAI,Contact Sales,Development,65000,0,[REDACTED],[REDACTED]
003Dm000005GjInIAK,006Dm0000039wPbIAI,Contact Sales,Development,50000,0,[REDACTED],[REDACTED]
003Dm000005GgesIAC,006Dm0000039tW5IAI,Contact Sales,Development,[REDACTED],0,[REDACTED],[REDACTED]
003Dm000005GgRRIA0,006Dm0000039tFdIAI,Contact Sales,Development,30000,0,[REDACTED],[REDACTED]
003Dm000005Gge9IAC,006Dm0000039tUTIAY,Contact Sales,Development,[REDACTED],0,[REDACTED],[REDACTED]
003Dm000005GgeEIAS,006Dm0000039tUxIAI,Contact Sales,Development,[REDACTED],0,[REDACTED],[REDACTED]
003Dm000005GgVJIA0,006Dm0000039tFiIAI,Contact Sales,Development,30000,0,[REDACTED],[REDACTED]
003Dm000005GgVSIA0,006Dm0000039tFnIAI,Contact Sales,Rejected [REDACTED],,0,[REDACTED],[REDACTED]
[REDACTED],006Dm0000039tNcIAI,Contact Sales,Qualified Opportunity,50000,0,[REDACTED],[REDACTED]
003Dm000005GYz1IAG,006Dm0000039rFqIAI,Contact Sales,Qualified Opportunity,50000,0,[REDACTED],[REDACTED]
003Dm000005GWskIAG,006Dm0000039pzxIAA,Contact Sales,Proposal,79200,0,[REDACTED],[REDACTED]
003Dm000005GYT4IAO,006Dm0000039qrzIAA,Contact Sales,Development,85000,0,[REDACTED],[REDACTED]
[REDACTED],006Dm0000039rPCIAY,Contact Sales,Closed Lost,[REDACTED],0,[REDACTED],[REDACTED]
003Dm000005HIp2IAG,006Dm0000039rPCIAY,Contact Sales,Closed Lost,[REDACTED],0,[REDACTED],[REDACTED]
003Dm000005GY4cIAG,[REDACTED],Contact Sales,Development,[REDACTED],0,[REDACTED],[REDACTED]
[REDACTED],006Dm0000039qOTIAY,Contact Sales,Development,40000,0,[REDACTED],[REDACTED]
003Dm000005GQH7IAO,006Dm0000039mfYIAQ,Contact Sales,Development,50000,0,[REDACTED],[REDACTED]
003Dm000005GWmXIAW,006Dm0000039pwjIAA,Contact Sales,Development,1,0,[REDACTED],[REDACTED]
003Dm000005GQL4IAO,006Dm0000039mjkIAA,Contact Sales,Qualified Opportunity,,0,[REDACTED],[REDACTED]
003Dm000005GWmIIAW,006Dm0000039pwZIAQ,Contact Sales,Rejected [REDACTED],1,0,[REDACTED],[REDACTED]
003Dm000005GQKuIAO,006Dm0000039mjVIAQ,Contact Sales,Qualified Opportunity,50000,0,[REDACTED],[REDACTED]
0031R00002OwWZyQAN,006Dm0000039mjaIAA,Outbound,Closed Lost,[REDACTED],0,[REDACTED],[REDACTED]
003Dm000005GQLYIA4,006Dm0000039mk4IAA,Contact Sales,Referred to [REDACTED],50000,0,[REDACTED],[REDACTED]
003Dm000005GUJiIAO,006Dm0000039oKUIAY,Contact Sales,Closed Won,[REDACTED],[REDACTED],[REDACTED],[REDACTED]
003Dm000005GWifIAG,006Dm0000039punIAA,Contact Sales,Development,40000,0,[REDACTED],[REDACTED]
003Dm000005GQFBIA4,006Dm0000039meaIAA,Contact Sales,Development,45000,0,[REDACTED],[REDACTED]
003Dm000005GJZlIAO,006Dm0000039hytIAA,Contact Sales,Rejected [REDACTED],50000,0,[REDACTED],[REDACTED]
003Dm000005GJo8IAG,006Dm0000039iFQIAY,Contact Sales,Proposal,50000,0,[REDACTED],[REDACTED]
003Dm000005GJWcIAO,006Dm0000039hvGIAQ,Contact Sales,Proposal,[REDACTED],0,[REDACTED],[REDACTED]
[REDACTED],006Dm0000039kR0IAI,Contact Sales,Solution Design,40000,0,[REDACTED],[REDACTED]
003Dm000005GHprIAG,006Dm0000039gaMIAQ,Contact Sales,Development,[REDACTED],0,[REDACTED],[REDACTED]
003Dm000005GIP3IAO,006Dm0000039hHBIAY,Contact Sales,Solution Design,30000,0,[REDACTED],[REDACTED]
003Dm000005GJTzIAO,006Dm0000039hteIAA,Contact Sales,Development,40000,0,[REDACTED],[REDACTED]
0031R00002pnnrYQAQ,006Dm0000039gBZIAY,Contact Sales,Proposal,240000,0,[REDACTED],[REDACTED]
[REDACTED],006Dm0000039gSrIAI,Contact Sales,Development,[REDACTED],0,[REDACTED],[REDACTED]
003Dm000005GFhEIAW,006Dm0000039eqcIAA,Contact Sales,Development,25200,0,[REDACTED],[REDACTED]
003Dm000005GHYGIA4,006Dm0000039gCPIAY,Contact Sales,Proposal,27500,0,[REDACTED],[REDACTED]
003Dm000005GFgkIAG,006Dm0000039eqXIAQ,Contact Sales,Development,[REDACTED],0,[REDACTED],[REDACTED]
003Dm000005GFk2IAG,006Dm0000039etlIAA,[REDACTED],Development,150000,0,[REDACTED],[REDACTED]
[REDACTED],006Dm0000039etlIAA,[REDACTED],Development,150000,0,[REDACTED],[REDACTED]
003Dm000005GFoOIAW,[REDACTED],Contact Sales,Development,50000,0,[REDACTED],[REDACTED]
[REDACTED],006Dm0000039ew2IAA,Contact Sales,Development,50000,0,[REDACTED],[REDACTED]
003Dm000005GHoJIAW,006Dm0000039ftTIAQ,Contact Sales,Development,[REDACTED],0,[REDACTED],[REDACTED]
003Dm000005GHDFIA4,006Dm0000039fqJIAQ,Contact Sales,Qualified Opportunity,,0,[REDACTED],[REDACTED]
003Dm000005GIlEIAW,006Dm0000039hNdIAI,Contact Sales,Referred to [REDACTED],50000,0,[REDACTED],[REDACTED]
003Dm000005GJSnIAO,006Dm0000039htUIAQ,Contact Sales,Qualified Opportunity,1,0,[REDACTED],[REDACTED]
003Dm000005GIDNIA4,006Dm0000039h0MIAQ,Contact Sales,Solution Design,40000,0,[REDACTED],[REDACTED]
003Dm000005GCD5IAO,[REDACTED],Contact Sales,Closed Lost,40000,0,[REDACTED],[REDACTED]
0031R00002h87rnQAA,006Dm0000039cFjIAI,Contact Sales,Development,85000,0,[REDACTED],[REDACTED]
003Dm000005GF6FIAW,006Dm0000039ek0IAA,Contact Sales,Development,50000,0,[REDACTED],[REDACTED]
003Dm000005GEA1IAO,006Dm0000039e4EIAQ,Contact Sales,Development,[REDACTED],0,[REDACTED],[REDACTED]
003Dm000005GFCsIAO,006Dm0000039ekaIAA,Contact Sales,Development,50000,0,[REDACTED],[REDACTED]
003Dm000005GBsMIAW,006Dm0000039bgAIAQ,Contact Sales,Development,50000,0,[REDACTED],[REDACTED]
003Dm000005GCu3IAG,006Dm0000039cxbIAA,Contact Sales,Closed Lost,44999.5,0,[REDACTED],[REDACTED]
003Dm000005Fw3oIAC,006Dm0000039ZJZIA2,Contact Sales,Closed Lost,50000,0,[REDACTED],[REDACTED]
003Dm000005FvFeIAK,006Dm0000039YN0IAM,Contact Sales,Qualified Opportunity,50000,0,[REDACTED],[REDACTED]
003Dm000005FwIXIA0,006Dm0000039ZbrIAE,Contact Sales,Development,50000,0,[REDACTED],[REDACTED]
003Dm000005FwhzIAC,006Dm0000039ZnVIAU,Contact Sales,Development,82500,0,[REDACTED],[REDACTED]
003Dm000005FxEPIA0,006Dm0000039afbIAA,Contact Sales,Development,50000,0,[REDACTED],[REDACTED]
003Dm000005FvfkIAC,006Dm0000039YyGIAU,Contact Sales,Development,80000,0,[REDACTED],[REDACTED]
003Dm000005Fw1sIAC,006Dm0000039ZHrIAM,Contact Sales,Development,50000,0,[REDACTED],[REDACTED]
003Dm000005FrSfIAK,006Dm0000039W6rIAE,Contact Sales,Solution Design,35000,0,[REDACTED],[REDACTED]
003Dm000005FqvSIAS,006Dm0000039VQCIA2,Contact Sales,Development,40000,0,[REDACTED],[REDACTED]
003Dm000005FqvTIAS,006Dm0000039VQDIA2,Contact Sales,Rejected [REDACTED],40000,0,[REDACTED],[REDACTED]
003Dm000005FsdLIAS,006Dm0000039XJ3IAM,Contact Sales,Development,[REDACTED],0,[REDACTED],[REDACTED]
003Dm000005FsfbIAC,006Dm0000039XNtIAM,Contact Sales,Development,[REDACTED],0,[REDACTED],[REDACTED]
003Dm000005Ft9SIAS,006Dm0000039XwkIAE,Contact Sales,Development,40000,0,[REDACTED],[REDACTED]
003Dm000005FqrqIAC,006Dm0000039VPxIAM,Contact Sales,Solution Design,45000,0,[REDACTED],[REDACTED]
003Dm000005FsDAIA0,006Dm0000039WjoIAE,Contact Sales,Solution Design,50000,0,[REDACTED],[REDACTED]
003Dm000005FfxRIAS,006Dm0000039SdDIAU,Contact Sales,Development,45000,0,[REDACTED],[REDACTED]
003Dm000005Fex4IAC,006Dm0000039RW5IAM,Contact Sales,Proposal,58000,0,[REDACTED],[REDACTED]
003Dm000005HN2JIAW,006Dm0000039RW5IAM,Contact Sales,Proposal,58000,0,[REDACTED],[REDACTED]
003Dm000005Ff3vIAC,006Dm0000039RdaIAE,Contact Sales,Development,50000,0,[REDACTED],[REDACTED]
003Dm000005FewpIAC,006Dm0000039RVgIAM,Contact Sales,Development,50400,0,[REDACTED],[REDACTED]
003Dm000005FfUKIA0,006Dm0000039SA6IAM,Contact Sales,Development,[REDACTED],0,[REDACTED],[REDACTED]
003Dm000005FahwIAC,006Dm0000039OtVIAU,Contact Sales,Development,50000,0,[REDACTED],[REDACTED]
003Dm000005Fb0yIAC,006Dm0000039PLyIAM,Contact Sales,Rejected [REDACTED],1,0,[REDACTED],[REDACTED]
[REDACTED],006Dm0000039PNaIAM,Contact Sales,Solution Design,40000,0,[REDACTED],[REDACTED]
003Dm000005Fb7zIAC,006Dm0000039PUgIAM,Contact Sales,Solution Design,50000,0,[REDACTED],[REDACTED]
[REDACTED],006Dm0000039PqeIAE,Contact Sales,Development,45000,0,[REDACTED],[REDACTED]
[REDACTED],006Dm0000039QOAIA2,Contact Sales,Development,64000,0,[REDACTED],[REDACTED]
003Dm000005Fe5xIAC,006Dm0000039R6HIAU,Contact Sales,Referred to [REDACTED],[REDACTED],0,[REDACTED],[REDACTED]
003Dm000005FdLUIA0,006Dm0000039Q1kIAE,Contact Sales,Development,[REDACTED],0,[REDACTED],[REDACTED]
003Dm000005Fb2RIAS,006Dm0000039PNbIAM,Contact Sales,Rejected [REDACTED],1,0,[REDACTED],[REDACTED]
003Dm000005FdVQIA0,006Dm0000039QDXIA2,Contact Sales,Development,250000,0,[REDACTED],[REDACTED]
[REDACTED],006Dm0000039NKAIA2,Contact Sales,Development,45000,0,[REDACTED],[REDACTED]
003Dm000005FZQmIAO,006Dm0000039NiJIAU,Contact Sales,Closed Lost,1,0,[REDACTED],[REDACTED]
003Dm000005FZEUIA4,006Dm0000039NO4IAM,Contact Sales,Development,150000,0,[REDACTED],[REDACTED]
003Dm000005FXtEIAW,006Dm0000039Lr1IAE,Contact Sales,Development,40000,0,[REDACTED],[REDACTED]
003Dm000005FZF7IAO,006Dm0000039NYvIAM,Contact Sales,Legal Negotiation,[REDACTED],0,[REDACTED],[REDACTED]
003Dm000005FXmnIAG,006Dm0000039Li5IAE,Contact Sales,Closed Won,[REDACTED],[REDACTED],[REDACTED],[REDACTED]
003Dm000005FXoxIAG,006Dm0000039LktIAE,Contact Sales,Development,40000,0,[REDACTED],[REDACTED]
003Dm000005FYcnIAG,006Dm0000039MmXIAU,Contact Sales,Solution Design,[REDACTED],0,[REDACTED],[REDACTED]
003Dm000005FXnHIAW,006Dm0000039LiYIAU,Contact Sales,Development,30000,0,[REDACTED],[REDACTED]
003Dm000005FQHuIAO,006Dm0000039IcwIAE,Contact Sales,Qualified Opportunity,1,0,[REDACTED],[REDACTED]
[REDACTED],006Dm0000039JYlIAM,Contact Sales,Development,50000,0,[REDACTED],[REDACTED]
003Dm000005FQsIIAW,006Dm0000039JIdIAM,Contact Sales,Development,50000,0,[REDACTED],[REDACTED]
003Dm000005FSaiIAG,006Dm0000039KihIAE,[REDACTED],Development,40000,0,[REDACTED],[REDACTED]
003Dm000005FQF5IAO,006Dm0000039IZiIAM,Contact Sales,Closed Lost,[REDACTED],0,[REDACTED],[REDACTED]
003Dm000005FQO8IAO,006Dm0000039Id5IAE,Contact Sales,Legal Negotiation,51280.5,0,[REDACTED],[REDACTED]
003Dm000005FQH6IAO,006Dm0000039IcNIAU,Contact Sales,Development,[REDACTED],0,[REDACTED],[REDACTED]
0031R00002L8umhQAB,006Dm0000039JWaIAM,Contact Sales,Development,50000,0,[REDACTED],[REDACTED]
003Dm000005FQLwIAO,006Dm0000039IdzIAE,Contact Sales,Development,1,0,[REDACTED],[REDACTED]
003Dm000005FQFjIAO,006Dm0000039IbAIAU,Contact Sales,Rejected [REDACTED],1,0,[REDACTED],[REDACTED]
003Dm000005FQYrIAO,006Dm0000039IsLIAU,Contact Sales,Development,[REDACTED],0,[REDACTED],[REDACTED]
003Dm000005FNfkIAG,006Dm0000039GtSIAU,Industry Event - Virtual,Development,40000,0,[REDACTED],[REDACTED]
003Dm000005FO1fIAG,006Dm0000039HQkIAM,Contact Sales,Development,[REDACTED],0,[REDACTED],[REDACTED]
[REDACTED],006Dm0000039ISNIA2,Contact Sales,Development,40000,0,[REDACTED],[REDACTED]
003Dm000005FOeeIAG,006Dm0000039I8rIAE,Contact Sales,Proposal,60000,0,[REDACTED],[REDACTED]
003Dm000005FLJDIA4,006Dm0000039G49IAE,Contact Sales,Development,50000,0,[REDACTED],[REDACTED]
003Dm000005FOeZIAW,006Dm0000039I8hIAE,Contact Sales,Development,54000,0,[REDACTED],[REDACTED]
003Dm000005FPAkIAO,006Dm0000039IWtIAM,Contact Sales,Solution Design,35000,0,[REDACTED],[REDACTED]
003Dm000005FKwpIAG,006Dm0000039FlHIAU,Contact Sales,Development,40000,0,[REDACTED],[REDACTED]
003Dm000005FLIFIA4,006Dm0000039G3GIAU,Contact Sales,Rejected [REDACTED],1,0,[REDACTED],[REDACTED]
003Dm000005FNXHIA4,006Dm0000039GqcIAE,Contact Sales,Solution Design,[REDACTED],0,[REDACTED],[REDACTED]
003Dm000005FOGuIAO,006Dm0000039HlYIAU,Contact Sales,Development,[REDACTED],0,[REDACTED],[REDACTED]
003Dm0000034lY1IAI,006Dm0000039ATvIAM,Contact Sales,Development,50000,0,[REDACTED],[REDACTED]
003Dm000005FGbmIAG,006Dm0000039DqDIAU,Contact Sales,Development,[REDACTED],0,[REDACTED],[REDACTED]
003Dm0000034k71IAA,006Dm00000399WfIAI,Contact Sales,Development,40000,0,[REDACTED],[REDACTED]
003Dm0000034tB8IAI,006Dm0000039CcyIAE,Contact Sales,Referred to [REDACTED],[REDACTED],0,[REDACTED],[REDACTED]
003Dm0000034k6DIAQ,006Dm00000399TMIAY,Contact Sales,Development,50000,0,[REDACTED],[REDACTED]
003Dm0000034kgBIAQ,006Dm00000399yUIAQ,Contact Sales,Proposal,[REDACTED],0,[REDACTED],[REDACTED]
003Dm0000034tELIAY,006Dm0000039D8QIAU,[REDACTED],Referred to [REDACTED],[REDACTED],0,[REDACTED],[REDACTED]
003Dm0000034tVtIAI,006Dm0000039DIYIA2,Contact Sales,Qualified Opportunity,45000,0,[REDACTED],[REDACTED]
003Dm0000034nAzIAI,006Dm0000039Cq1IAE,Contact Sales,Development,30000,0,[REDACTED],[REDACTED]
003Dm0000034lzZIAQ,006Dm0000039B5YIAU,Contact Sales,Solution Design,35000,0,[REDACTED],[REDACTED]
003Dm0000034iNEIAY,006Dm00000397zwIAA,Contact Sales,Development,40000,0,[REDACTED],[REDACTED]
003Dm0000034foiIAA,[REDACTED],Contact Sales,Proposal,264000,0,[REDACTED],[REDACTED]
003Dm0000034gu6IAA,006Dm000003968XIAQ,Contact Sales,Development,45000,0,[REDACTED],[REDACTED]
003Dm0000034eTJIAY,006Dm00000391jvIAA,Contact Sales,Development,35000,0,[REDACTED],[REDACTED]
003Dm0000034g5RIAQ,006Dm00000394pKIAQ,Contact Sales,Development,40000,0,[REDACTED],[REDACTED]
003Dm0000034gSsIAI,006Dm00000395exIAA,Contact Sales,Development,40000,0,[REDACTED],[REDACTED]
003Dm0000034jTXIAY,006Dm00000399CsIAI,Contact Sales,Rejected [REDACTED],1,0,[REDACTED],[REDACTED]
003Dm0000034eqNIAQ,006Dm00000392JSIAY,Contact Sales,Development,50000,0,[REDACTED],[REDACTED]
003Dm0000034gRjIAI,006Dm00000395LKIAY,Contact Sales,Development,360000,0,[REDACTED],[REDACTED]
003Dm0000034fUKIAY,006Dm00000394B8IAI,Contact Sales,Solution Design,[REDACTED],0,[REDACTED],[REDACTED]
003Dm0000034fUsIAI,006Dm00000394e6IAA,Contact Sales,Development,50000,0,[REDACTED],[REDACTED]
003Dm0000034fy5IAA,006Dm000003953SIAQ,Contact Sales,Referred to [REDACTED],32000,0,[REDACTED],[REDACTED]
003Dm0000034fzIIAQ,[REDACTED],Contact Sales,Legal Negotiation,[REDACTED],0,[REDACTED],[REDACTED]
003Dm0000034g9iIAA,006Dm00000395AJIAY,Contact Sales,Proposal,[REDACTED],0,[REDACTED],[REDACTED]
003Dm0000034hvBIAQ,006Dm00000397M1IAI,Contact Sales,Proposal,[REDACTED],0,[REDACTED],[REDACTED]
003Dm0000033lSMIAY,[REDACTED],Contact Sales,Qualified Opportunity,,0,[REDACTED],[REDACTED]
003Dm0000033l3bIAA,006Dm0000038ucLIAQ,Contact Sales,Development,40000,0,[REDACTED],[REDACTED]
003Dm0000033lToIAI,006Dm0000038v5BIAQ,Contact Sales,Development,[REDACTED],0,[REDACTED],[REDACTED]
003Dm0000033lvXIAQ,006Dm0000038vZgIAI,Contact Sales,Development,28800,0,[REDACTED],[REDACTED]
003Dm0000033j5mIAA,006Dm0000038vXeIAI,Contact Sales,Development,87500,0,[REDACTED],[REDACTED]
003Dm0000033lY0IAI,006Dm0000038vXeIAI,Contact Sales,Development,87500,0,[REDACTED],[REDACTED]
003Dm0000033lwpIAA,006Dm0000038vdDIAQ,Contact Sales,Solution Design,[REDACTED],0,[REDACTED],[REDACTED]
003Dm0000033mQVIAY,006Dm0000038wKwIAI,Contact Sales,Qualified Opportunity,,0,[REDACTED],[REDACTED]
003Dm0000033b6cIAA,006Dm0000038oklIAA,Outbound,Closed Lost,50000,0,[REDACTED],[REDACTED]
003Dm0000033f5aIAA,006Dm0000038p7XIAQ,Contact Sales,Development,50000,0,[REDACTED],[REDACTED]
003Dm0000033YoIIAU,006Dm0000038ngDIAQ,Contact Sales,Development,[REDACTED],0,[REDACTED],[REDACTED]
003Dm0000033jQVIAY,006Dm0000038t4OIAQ,Contact Sales,Development,45000,0,[REDACTED],[REDACTED]
003Dm0000033YQ1IAM,006Dm0000038nbQIAQ,Contact Sales,Development,[REDACTED],0,[REDACTED],[REDACTED]
003Dm0000033j0SIAQ,006Dm0000038sX5IAI,Contact Sales,Closed Lost,40000,0,[REDACTED],[REDACTED]
003Dm0000033jxcIAA,006Dm0000038teRIAQ,[REDACTED],Development,40000,0,[REDACTED],[REDACTED]
003Dm0000033ZBiIAM,006Dm0000038oHDIAY,Contact Sales,Development,80000,0,[REDACTED],[REDACTED]
003Dm0000033k4oIAA,006Dm0000038tfUIAQ,Contact Sales,Development,30000,0,[REDACTED],[REDACTED]
003Dm0000033XsqIAE,006Dm0000038mtjIAA,Contact Sales,Closed Lost,50000,0,[REDACTED],[REDACTED]
003Dm0000033fZqIAI,006Dm0000038ptwIAA,Contact Sales,Development,[REDACTED],0,[REDACTED],[REDACTED]
003Dm0000033YqGIAU,006Dm0000038nz2IAA,Contact Sales,Development,50000,0,[REDACTED],[REDACTED]
003Dm0000033hzhIAA,006Dm0000038qpHIAQ,Contact Sales,Referred to [REDACTED],[REDACTED],0,[REDACTED],[REDACTED]
003Dm0000033RxIIAU,006Dm0000038gsKIAQ,Contact Sales,Development,[REDACTED],0,[REDACTED],[REDACTED]
003Dm0000033V7VIAU,006Dm0000038kUAIAY,Contact Sales,Development,240000,0,[REDACTED],[REDACTED]
003Dm0000033VccIAE,006Dm0000038ksuIAA,Contact Sales,Development,50000,0,[REDACTED],[REDACTED]
003Dm0000033Pr5IAE,006Dm0000038fNUIAY,Contact Sales,Solution Design,1,0,[REDACTED],[REDACTED]
003Dm0000033V9LIAU,006Dm0000038kXJIAY,Contact Sales,Closed Lost,45000,0,[REDACTED],[REDACTED]
003Dm0000033PCAIA2,006Dm0000038eobIAA,Contact Sales,Development,[REDACTED],0,[REDACTED],[REDACTED]
003Dm0000033PISIA2,006Dm0000038erfIAA,Contact Sales,Closed Lost,60000,0,[REDACTED],[REDACTED]
003Dm0000033JzyIAE,006Dm0000038ZWGIA2,Contact Sales,Closed Lost,50000,0,[REDACTED],[REDACTED]
003Dm0000033E3aIAE,006Dm0000038VKwIAM,Contact Sales,Development,50000,0,[REDACTED],[REDACTED]
003Dm0000033J1aIAE,006Dm0000038YAJIA2,Contact Sales,Legal Negotiation,[REDACTED],0,[REDACTED],[REDACTED]
003Dm00000337JfIAI,006Dm0000038NHzIAM,Contact Sales,Closed Won,40500,40500,[REDACTED],[REDACTED]
003Dm00000337OMIAY,006Dm0000038NMRIA2,Contact Sales,Rejected [REDACTED],[REDACTED],0,[REDACTED],[REDACTED]
003Dm00000337JaIAI,006Dm0000038NHuIAM,Contact Sales,Solution Design,50000,0,[REDACTED],[REDACTED]
003Dm00000338pXIAQ,006Dm0000038PNTIA2,Outbound,Development,85000,0,[REDACTED],[REDACTED]
003Dm0000033DNAIA2,006Dm0000038UIyIAM,Contact Sales,Development,50000,0,[REDACTED],[REDACTED]
003Dm0000033BMMIA2,006Dm0000038SP8IAM,Contact Sales,Closed Lost,[REDACTED],0,[REDACTED],[REDACTED]
003Dm0000033BXkIAM,006Dm0000038SjiIAE,Contact Sales,Development,50000,0,[REDACTED],[REDACTED]
003Dm0000033BYxIAM,006Dm0000038SjiIAE,Contact Sales,Development,50000,0,[REDACTED],[REDACTED]
003Dm00000337JCIAY,006Dm0000038NDYIA2,Contact Sales,Proposal,17000,0,[REDACTED],[REDACTED]
003Dm00000337JuIAI,006Dm0000038NIEIA2,Contact Sales,Development,[REDACTED],0,[REDACTED],[REDACTED]
003Dm00000339FGIAY,006Dm0000038PgxIAE,Contact Sales,Solution Design,27000,0,[REDACTED],[REDACTED]
003Dm0000032zGhIAI,006Dm0000038EjmIAE,Contact Sales,Closed Lost,50000,0,[REDACTED],[REDACTED]
003Dm00000330ybIAA,006Dm0000038GCGIA2,Contact Sales,Development,[REDACTED],0,[REDACTED],[REDACTED]
003Dm000003333jIAA,006Dm0000038HtpIAE,Contact Sales,Development,80000,0,[REDACTED],[REDACTED]
003Dm0000032yznIAA,006Dm0000038EWfIAM,Contact Sales,Development,[REDACTED],0,[REDACTED],[REDACTED]
003Dm00000330C0IAI,006Dm0000038FFTIA2,Contact Sales,Closed Lost,[REDACTED],0,[REDACTED],[REDACTED]
003Dm00000333OyIAI,006Dm0000038IDzIAM,Contact Sales,Proposal,50000,0,[REDACTED],[REDACTED]
003Dm00000334ksIAA,006Dm0000038KG7IAM,Contact Sales,Development,[REDACTED],0,[REDACTED],[REDACTED]
003Dm00000330BNIAY,006Dm0000038FAOIA2,Contact Sales,Development,30000,0,[REDACTED],[REDACTED]
003Dm00000331Y1IAI,006Dm0000038GlGIAU,Contact Sales,Development,65000,0,[REDACTED],[REDACTED]
003Dm000003375eIAA,006Dm0000038My5IAE,Contact Sales,Development,40000,0,[REDACTED],[REDACTED]
003Dm00000336PuIAI,006Dm0000038MG2IAM,Contact Sales,Referred to [REDACTED],[REDACTED],0,[REDACTED],[REDACTED]
003Dm0000032yzdIAA,006Dm0000038EWVIA2,Contact Sales,Closed Lost,40000,0,[REDACTED],[REDACTED]
003Dm0000032wpvIAA,006Dm0000038CVbIAM,Contact Sales,Qualified Opportunity,70000,0,[REDACTED],[REDACTED]
003Dm0000032yXZIAY,006Dm0000038EA0IAM,Contact Sales,Development,40000,0,[REDACTED],[REDACTED]
003Dm0000032ulpIAA,006Dm00000389zxIAA,Contact Sales,Development,50000,0,[REDACTED],[REDACTED]
003Dm0000032urGIAQ,006Dm0000038A7wIAE,Contact Sales,Development,[REDACTED],0,[REDACTED],[REDACTED]
003Dm0000032vBQIAY,006Dm0000038AXkIAM,Contact Sales,Development,40000,0,[REDACTED],[REDACTED]
003Dm0000032umYIAQ,006Dm0000038A23IAE,Contact Sales,Rejected [REDACTED],40000,0,[REDACTED],[REDACTED]
003Dm0000032vYtIAI,006Dm0000038AeNIAU,Contact Sales,Solution Design,50000,0,[REDACTED],[REDACTED]
003Dm0000032r14IAA,006Dm00000386UpIAI,Contact Sales,Development,50000,0,[REDACTED],[REDACTED]
003Dm0000032r2hIAA,006Dm00000386ZzIAI,Contact Sales,Development,50000,0,[REDACTED],[REDACTED]
[REDACTED],006Dm00000386UfIAI,Contact Sales,Rejected [REDACTED],1,0,[REDACTED],[REDACTED]
003Dm0000032r2IIAQ,006Dm00000386ZaIAI,Contact Sales,Closed Lost,50000,0,[REDACTED],[REDACTED]
003Dm0000032qzxIAA,006Dm00000386TwIAI,Web Content,Closed Lost,80000,0,[REDACTED],[REDACTED]
003Dm0000032r0aIAA,006Dm00000386TwIAI,Web Content,Closed Lost,80000,0,[REDACTED],[REDACTED]
003Dm0000032sIWIAY,006Dm00000387hBIAQ,Contact Sales,Development,47000,0,[REDACTED],[REDACTED]
003Dm0000032u1QIAQ,006Dm00000389X0IAI,Contact Sales,Development,40000,0,[REDACTED],[REDACTED]
003Dm0000032r0QIAQ,006Dm00000386UGIAY,Contact Sales,Development,50000,0,[REDACTED],[REDACTED]
003Dm0000032r2NIAQ,006Dm00000386ZfIAI,Contact Sales,Closed Won,30500,30500,[REDACTED],[REDACTED]
003Dm0000032slPIAQ,006Dm00000388EtIAI,Contact Sales,Development,40000,0,[REDACTED],[REDACTED]
0031R00002oSdwnQAC,006Dm00000388dKIAQ,Industry Event - In Person,Closed Won,400000,400000,[REDACTED],[REDACTED]
[REDACTED],006Dm00000388dKIAQ,Industry Event - In Person,Closed Won,400000,400000,[REDACTED],[REDACTED]
003Dm0000032tm7IAA,006Dm00000388dKIAQ,Industry Event - In Person,Closed Won,400000,400000,[REDACTED],[REDACTED]
003Dm0000032uDMIAY,006Dm00000388dKIAQ,Industry Event - In Person,Closed Won,400000,400000,[REDACTED],[REDACTED]
003Dm000005GipEIAS,006Dm00000388dKIAQ,Industry Event - In Person,Closed Won,400000,400000,[REDACTED],[REDACTED]
003Dm0000032kXaIAI,006Dm00000380Q1IAI,Contact Sales,Development,80000,0,[REDACTED],[REDACTED]
003Dm0000032kukIAA,006Dm00000380pmIAA,Contact Sales,Closed Lost,50000,0,[REDACTED],[REDACTED]
003Dm0000032mOEIAY,[REDACTED],Contact Sales,Development,[REDACTED],0,[REDACTED],[REDACTED]
[REDACTED],006Dm00000380XRIAY,Contact Sales,Development,45000,0,[REDACTED],[REDACTED]
003Dm0000032mIZIAY,006Dm00000382iKIAQ,Contact Sales,Closed Lost,[REDACTED],0,[REDACTED],[REDACTED]
003Dm0000032jTCIAY,006Dm0000037z9xIAA,Contact Sales,Closed Lost,150000,0,[REDACTED],[REDACTED]
[REDACTED],006Dm0000037yS3IAI,Drift,Rejected [REDACTED],[REDACTED],0,[REDACTED],[REDACTED]
003Dm0000032k08IAA,006Dm0000037zmbIAA,Contact Sales,Development,60000,0,[REDACTED],[REDACTED]
[REDACTED],[REDACTED],Contact Sales,Proposal,[REDACTED],0,[REDACTED],[REDACTED]
003Dm0000032bWVIAY,006Dm0000037piyIAA,Contact Sales,Development,40000,0,[REDACTED],[REDACTED]
003Dm0000032bosIAA,006Dm0000037pykIAA,Contact Sales,Development,[REDACTED],0,[REDACTED],[REDACTED]
003Dm0000032bjSIAQ,006Dm0000037prTIAQ,Contact Sales,Referred to [REDACTED],[REDACTED],0,[REDACTED],[REDACTED]
003Dm0000032bNRIAY,006Dm0000037peRIAQ,Contact Sales,Rejected [REDACTED],1,0,[REDACTED],[REDACTED]
003Dm0000032bnzIAA,006Dm0000037pxhIAA,Contact Sales,Closed Lost,39000,0,[REDACTED],[REDACTED]
003Dm0000032cNdIAI,006Dm0000037qLTIAY,Contact Sales,Rejected [REDACTED],1,0,[REDACTED],[REDACTED]
003Dm0000032cOCIAY,006Dm0000037qOBIAY,Contact Sales,Closed Lost,30000,0,[REDACTED],[REDACTED]
003Dm0000032boiIAA,006Dm0000037pyfIAA,Contact Sales,Referred to [REDACTED],[REDACTED],0,[REDACTED],[REDACTED]
003Dm0000032bRyIAI,006Dm0000037pioIAA,Contact Sales,Development,40000,0,[REDACTED],[REDACTED]
003Dm0000032bqFIAQ,006Dm0000037pz4IAA,Contact Sales,Development,85000,0,[REDACTED],[REDACTED]
003Dm0000032TPVIA2,006Dm0000037hghIAA,Contact Sales,Referred to [REDACTED],50000,0,[REDACTED],[REDACTED]
003Dm0000032TTIIA2,[REDACTED],Contact Sales,Referred to [REDACTED],[REDACTED],0,[REDACTED],[REDACTED]
003Dm0000032U0uIAE,006Dm0000037i6hIAA,Contact Sales,Qualified Opportunity,,0,[REDACTED],[REDACTED]
003Dm0000032UTyIAM,006Dm0000037ikwIAA,Contact Sales,Referred to [REDACTED],[REDACTED],0,[REDACTED],[REDACTED]
003Dm0000032UvcIAE,006Dm0000037jA9IAI,Contact Sales,Development,40000,0,[REDACTED],[REDACTED]
003Dm0000032WILIA2,006Dm0000037kviIAA,Contact Sales,Closed Lost,40000,0,[REDACTED],[REDACTED]
003Dm0000032UeFIAU,006Dm0000037irAIAQ,Nurture,Rejected [REDACTED],1,0,[REDACTED],[REDACTED]
003Dm0000032UrfIAE,006Dm0000037j5OIAQ,Contact Sales,Solution Design,[REDACTED],0,[REDACTED],[REDACTED]
003Dm0000032U8AIAU,006Dm0000037iDjIAI,Contact Sales,Qualified Opportunity,,0,[REDACTED],[REDACTED]
003Dm0000032YD4IAM,006Dm0000037n3cIAA,Contact Sales,Development,40000,0,[REDACTED],[REDACTED]
003Dm0000032KU4IAM,006Dm0000037ZnsIAE,Contact Sales,Proposal,50000,0,[REDACTED],[REDACTED]
003Dm0000032boJIAQ,006Dm0000037ZnsIAE,Contact Sales,Proposal,50000,0,[REDACTED],[REDACTED]
003Dm0000032RStIAM,006Dm0000037gXgIAI,Contact Sales,Solution Design,40000,0,[REDACTED],[REDACTED]
003Dm0000032JR0IAM,006Dm0000037YfdIAE,Contact Sales,Development,35000,0,[REDACTED],[REDACTED]
003Dm0000032MU5IAM,006Dm0000037bMrIAI,Contact Sales,Solution Design,50000,0,[REDACTED],[REDACTED]
003Dm0000032jJYIAY,006Dm0000037bMrIAI,Contact Sales,Solution Design,50000,0,[REDACTED],[REDACTED]
003Dm0000032JCgIAM,006Dm0000037YSCIA2,Contact Sales,Referred to [REDACTED],40000,0,[REDACTED],[REDACTED]
003Dm0000032QXpIAM,006Dm0000037em8IAA,Contact Sales,Development,40000,0,[REDACTED],[REDACTED]
003Dm0000032SW4IAM,006Dm0000037h4wIAA,Contact Sales,Development,40000,0,[REDACTED],[REDACTED]
003Dm0000032KLzIAM,006Dm0000037Zd2IAE,Contact Sales,Referred to [REDACTED],40000,0,[REDACTED],[REDACTED]
[REDACTED],006Dm0000037h51IAA,Contact Sales,Closed Lost,35000,0,[REDACTED],[REDACTED]
003Dm0000032JCWIA2,006Dm0000037YS2IAM,Contact Sales,Closed Lost,50000,0,[REDACTED],[REDACTED]
003Dm0000032JrOIAU,006Dm0000037ZECIA2,Contact Sales,Rejected [REDACTED],40000,0,[REDACTED],[REDACTED]
003Dm0000032QVeIAM,[REDACTED],Contact Sales,Closed Lost,40000,0,[REDACTED],[REDACTED]
003Dm0000032Q4yIAE,006Dm0000037fSbIAI,Contact Sales,Closed Lost,50000,0,[REDACTED],[REDACTED]
003Dm0000032SVpIAM,006Dm0000037h4mIAA,Contact Sales,Rejected [REDACTED],1,0,[REDACTED],[REDACTED]
003Dm0000032PXTIA2,006Dm0000037fCGIAY,Contact Sales,Solution Design,40000,0,[REDACTED],[REDACTED]
003Dm000005H7hMIAS,006Dm0000037fCGIAY,Contact Sales,Solution Design,40000,0,[REDACTED],[REDACTED]
003Dm0000032NcwIAE,006Dm0000037cLLIAY,Contact Sales,Solution Design,50000,0,[REDACTED],[REDACTED]
003Dm0000032NiqIAE,006Dm0000037cgFIAQ,Contact Sales,Development,40000,0,[REDACTED],[REDACTED]
003Dm0000032S6AIAU,006Dm0000037gw8IAA,Contact Sales,Development,40000,0,[REDACTED],[REDACTED]
[REDACTED],006Dm0000037SoUIAU,Contact Sales,Development,60000,0,[REDACTED],[REDACTED]
003Dm0000032CWnIAM,006Dm0000037SrOIAU,Contact Sales,Referred to [REDACTED],80000,0,[REDACTED],[REDACTED]
003Dm0000032CEfIAM,006Dm0000037STCIA2,Contact Sales,Development,[REDACTED],0,[REDACTED],[REDACTED]
003Dm0000032CEvIAM,006Dm0000037SfvIAE,Contact Sales,Development,50000,0,[REDACTED],[REDACTED]
003Dm0000032IFwIAM,006Dm0000037XuqIAE,Contact Sales,Referred to [REDACTED],[REDACTED],0,[REDACTED],[REDACTED]
003Dm0000032IztIAE,006Dm0000037YFFIA2,Contact Sales,Referred to [REDACTED],[REDACTED],0,[REDACTED],[REDACTED]
003Dm0000032D2QIAU,006Dm0000037TMwIAM,Contact Sales,Qualified Opportunity,52000,0,[REDACTED],[REDACTED]
0031R00002oR9hiQAC,006Dm0000037TSbIAM,Contact Sales,Development,1,0,[REDACTED],[REDACTED]
003Dm0000032DqpIAE,006Dm0000037Tq3IAE,Contact Sales,Development,50000,0,[REDACTED],[REDACTED]
003Dm0000032FXaIAM,006Dm0000037V6zIAE,Contact Sales,Referred to [REDACTED],15000,0,[REDACTED],[REDACTED]
003Dm0000032AExIAM,006Dm0000037PkcIAE,Contact Sales,Referred to [REDACTED],[REDACTED],0,[REDACTED],[REDACTED]
003Dm0000032B4BIAU,006Dm0000037ROyIAM,Contact Sales,Development,50000,0,[REDACTED],[REDACTED]
003Dm0000032C9FIAU,006Dm0000037SFYIA2,Contact Sales,Business Negotiation,[REDACTED],0,[REDACTED],[REDACTED]
003Dm00000326AlIAI,006Dm0000037KqgIAE,Drift,Development,40000,0,[REDACTED],[REDACTED]
003Dm00000324KZIAY,006Dm0000037JglIAE,Contact Sales,Development,45000,0,[REDACTED],[REDACTED]
003Dm000003276kIAA,006Dm0000037M3MIAU,Contact Sales,Development,[REDACTED],0,[REDACTED],[REDACTED]
003Dm00000325j1IAA,006Dm0000037KGnIAM,Contact Sales,Closed Lost,[REDACTED],0,[REDACTED],[REDACTED]
003Dm00000326yWIAQ,006Dm0000037LsTIAU,Contact Sales,Closed Lost,40000,0,[REDACTED],[REDACTED]
003Dm00000320TPIAY,006Dm0000037G06IAE,Contact Sales,Closed Lost,80000,0,[REDACTED],[REDACTED]
003Dm00000320aEIAQ,006Dm0000037GAGIA2,Contact Sales,Development,[REDACTED],0,[REDACTED],[REDACTED]
003Dm00000321XRIAY,006Dm0000037HOhIAM,Contact Sales,Development,40000,0,[REDACTED],[REDACTED]
[REDACTED],006Dm0000037Gk9IAE,Contact Sales,Development,[REDACTED],0,[REDACTED],[REDACTED]
003Dm00000322icIAA,006Dm0000037J2PIAU,Contact Sales,Development,45000,0,[REDACTED],[REDACTED]
003Dm00000321Q6IAI,006Dm0000037HF6IAM,Contact Sales,Development,50000,0,[REDACTED],[REDACTED]
003Dm00000322n3IAA,[REDACTED],Contact Sales,Legal Negotiation,30000,0,[REDACTED],[REDACTED]
003Dm0000031xjYIAQ,006Dm0000037CYyIAM,Contact Sales,Rejected [REDACTED],[REDACTED],0,[REDACTED],[REDACTED]
003Dm0000031xkMIAQ,006Dm0000037CbDIAU,Contact Sales,Closed Lost,60000,0,[REDACTED],[REDACTED]
003Dm0000031xl5IAA,006Dm0000037CbnIAE,Contact Sales,Development,50000,0,[REDACTED],[REDACTED]
003Dm0000031xp5IAA,006Dm0000037ChQIAU,Contact Sales,Solution Design,24000,0,[REDACTED],[REDACTED]
003Dm00000320FuIAI,006Dm0000037FuNIAU,Contact Sales,Development,30000,0,[REDACTED],[REDACTED]
003Dm0000031xjZIAQ,006Dm0000037CYzIAM,Contact Sales,Closed Lost,30000,0,[REDACTED],[REDACTED]
003Dm0000031xn4IAA,006Dm0000037CddIAE,Industry Event - In Person,Development,50000,0,[REDACTED],[REDACTED]
003Dm0000031zT2IAI,006Dm0000037ExGIAU,Contact Sales,Development,150000,0,[REDACTED],[REDACTED]
003Dm0000031zVmIAI,006Dm0000037EoUIAU,Contact Sales,Solution Design,45000,0,[REDACTED],[REDACTED]
003Dm00000320NQIAY,006Dm0000037FyfIAE,Contact Sales,Solution Design,80000,0,[REDACTED],[REDACTED]
003Dm0000031xq8IAA,006Dm0000037Cj7IAE,Contact Sales,Closed Lost,[REDACTED],0,[REDACTED],[REDACTED]
003Dm0000031xiGIAQ,006Dm0000037CZ7IAM,Contact Sales,Closed Lost,50000,0,[REDACTED],[REDACTED]
003Dm0000031xk7IAA,006Dm0000037CZgIAM,Contact Sales,Proposal,45000,0,[REDACTED],[REDACTED]
003Dm0000031wFbIAI,006Dm0000037AytIAE,Contact Sales,Development,50000,0,[REDACTED],[REDACTED]
003Dm0000031viVIAQ,006Dm0000037AGXIA2,Contact Sales,Closed Lost,39000,0,[REDACTED],[REDACTED]
003Dm0000031vJBIAY,[REDACTED],Contact Sales,Solution Design,[REDACTED],0,[REDACTED],[REDACTED]
003Dm0000031vUEIAY,006Dm00000379xVIAQ,Contact Sales,Development,50000,0,[REDACTED],[REDACTED]
003Dm0000031wtvIAA,006Dm0000037BqbIAE,Contact Sales,Closed Lost,50000,0,[REDACTED],[REDACTED]
003Dm0000031vIcIAI,006Dm00000379ikIAA,Contact Sales,Development,50000,0,[REDACTED],[REDACTED]
003Dm0000031uzHIAQ,006Dm00000379Z9IAI,Contact Sales,Development,90000,0,[REDACTED],[REDACTED]
003Dm0000031sXpIAI,006Dm00000376MbIAI,Contact Sales,Business Negotiation,[REDACTED],0,[REDACTED],[REDACTED]
003Dm0000031uPzIAI,006Dm00000378xeIAA,Contact Sales,Development,50000,0,[REDACTED],[REDACTED]
003Dm0000031v8TIAQ,006Dm00000379fbIAA,Contact Sales,Proposal,70000,0,[REDACTED],[REDACTED]
003Dm0000031sWhIAI,006Dm00000376LsIAI,Contact Sales,Referred to [REDACTED],50000,0,[REDACTED],[REDACTED]
003Dm0000031nZPIAY,006Dm00000371oBIAQ,Contact Sales,Development,35000,0,[REDACTED],[REDACTED]
[REDACTED],006Dm00000372TdIAI,Contact Sales,Closed Lost,82500,0,[REDACTED],[REDACTED]
003Dm0000031nbUIAQ,[REDACTED],Contact Sales,Development,[REDACTED],0,[REDACTED],[REDACTED]
003Dm0000031nrwIAA,006Dm00000372BKIAY,Contact Sales,Rejected [REDACTED],[REDACTED],0,[REDACTED],[REDACTED]
003Dm0000031okDIAQ,006Dm00000373GBIAY,Contact Sales,Referred to [REDACTED],[REDACTED],0,[REDACTED],[REDACTED]
003Dm0000031o4bIAA,006Dm00000372T4IAI,Contact Sales,Development,105000,0,[REDACTED],[REDACTED]
003Dm0000031nYAIAY,006Dm00000371o1IAA,Contact Sales,Development,45000,0,[REDACTED],[REDACTED]
003Dm0000031mitIAA,006Dm000003712rIAA,Contact Sales,Solution Design,45000,0,[REDACTED],[REDACTED]
003Dm0000031lQdIAI,006Dm0000036zQ2IAI,Contact Sales,Solution Design,250000,0,[REDACTED],[REDACTED]
003Dm0000031l9NIAQ,006Dm0000036z2PIAQ,Contact Sales,Referred to [REDACTED],[REDACTED],0,[REDACTED],[REDACTED]
003Dm0000031lDUIAY,006Dm0000036z96IAA,Contact Sales,Development,40000,0,[REDACTED],[REDACTED]
003Dm0000031kzmIAA,006Dm0000036yoNIAQ,Contact Sales,Development,70000,0,[REDACTED],[REDACTED]
003Dm0000031mlmIAA,006Dm000003715fIAA,Contact Sales,Rejected [REDACTED],50000,0,[REDACTED],[REDACTED]
003Dm0000031nWTIAY,006Dm00000371nmIAA,Contact Sales,Closed Lost,30000,0,[REDACTED],[REDACTED]
003Dm0000031iG8IAI,006Dm0000036vfrIAA,Contact Sales,Rejected [REDACTED],,0,[REDACTED],[REDACTED]
003Dm0000031jZMIAY,006Dm0000036xKrIAI,Contact Sales,Closed Lost,[REDACTED],0,[REDACTED],[REDACTED]
003Dm0000031jaAIAQ,006Dm0000036xPbIAI,Contact Sales,Proposal,40000,0,[REDACTED],[REDACTED]
003Dm0000031jqpIAA,006Dm0000036xiZIAQ,Contact Sales,Closed Lost,[REDACTED],0,[REDACTED],[REDACTED]
003Dm0000031jvaIAA,006Dm0000036xnTIAQ,Contact Sales,Closed Won,40000,40000,[REDACTED],[REDACTED]
003Dm0000031iNWIAY,006Dm0000036vnMIAQ,Contact Sales,Closed Lost,50000,0,[REDACTED],[REDACTED]
003Dm0000031jV5IAI,006Dm0000036xIGIAY,Contact Sales,Rejected [REDACTED],40000,0,[REDACTED],[REDACTED]
[REDACTED],006Dm0000036xjgIAA,Contact Sales,Solution Design,50000,0,[REDACTED],[REDACTED]
003Dm0000031jBKIAY,006Dm0000036wsDIAQ,Contact Sales,Qualified Opportunity,[REDACTED],0,[REDACTED],[REDACTED]
003Dm0000031iNbIAI,006Dm0000036vnRIAQ,Contact Sales,Proposal,[REDACTED],0,[REDACTED],[REDACTED]
003Dm0000031iHTIAY,006Dm0000036vgVIAQ,Contact Sales,Development,35000,0,[REDACTED],[REDACTED]
003Dm0000031iFAIAY,[REDACTED],Contact Sales,Rejected [REDACTED],50000,0,[REDACTED],[REDACTED]
003Dm0000031gHUIAY,006Dm0000036tehIAA,Contact Sales,Development,45000,0,[REDACTED],[REDACTED]
0031R00002gVCjyQAG,006Dm0000036vbpIAA,Contact Sales,Referred to [REDACTED],[REDACTED],0,[REDACTED],[REDACTED]
003Dm0000031flVIAQ,006Dm0000036suAIAQ,Contact Sales,Proposal,[REDACTED],0,[REDACTED],[REDACTED]
003Dm0000031i9TIAQ,006Dm0000036vbkIAA,Contact Sales,Closed Lost,50000,0,[REDACTED],[REDACTED]
003Dm0000031h9IIAQ,006Dm0000036ui1IAA,Contact Sales,Development,47500,0,[REDACTED],[REDACTED]
003Dm0000031fRGIAY,006Dm0000036sQPIAY,Contact Sales,Development,[REDACTED],0,[REDACTED],[REDACTED]
003Dm0000031fRaIAI,006Dm0000036sQUIAY,Contact Sales,Qualified Opportunity,50000,0,[REDACTED],[REDACTED]
003Dm0000031fQwIAI,006Dm0000036sQFIAY,Contact Sales,Development,50000,0,[REDACTED],[REDACTED]
003Dm0000031gDmIAI,006Dm0000036tYKIAY,Contact Sales,Rejected [REDACTED],50000,0,[REDACTED],[REDACTED]
003Dm0000031cS7IAI,[REDACTED],Contact Sales,Development,40000,0,[REDACTED],[REDACTED]
003Dm0000031cSDIAY,006Dm0000036p8wIAA,Contact Sales,Qualified Opportunity,50000,0,[REDACTED],[REDACTED]
003Dm0000031cmwIAA,006Dm0000036pXNIAY,Contact Sales,Rejected [REDACTED],4500,0,[REDACTED],[REDACTED]
003Dm0000031f5sIAA,006Dm0000036sL0IAI,Contact Sales,Development,50000,0,[REDACTED],[REDACTED]
003Dm0000031eSWIAY,006Dm0000036rf4IAA,Contact Sales,Development,40000,0,[REDACTED],[REDACTED]
003Dm0000031cRsIAI,[REDACTED],Contact Sales,Development,45000,0,[REDACTED],[REDACTED]
003Dm0000031ceeIAA,006Dm0000036pNSIAY,Contact Sales,Development,[REDACTED],0,[REDACTED],[REDACTED]
003Dm0000031cPcIAI,006Dm0000036p83IAA,Contact Sales,Closed Lost,70000,0,[REDACTED],[REDACTED]
003Dm0000031cR9IAI,006Dm0000036p8DIAQ,Contact Sales,Proposal,40000,0,[REDACTED],[REDACTED]
003Dm0000031c8bIAA,006Dm0000036p1WIAQ,Nurture,Closed Lost,28000,0,[REDACTED],[REDACTED]
003Dm0000031X30IAE,[REDACTED],Contact Sales,Development,50000,0,[REDACTED],[REDACTED]
003Dm0000031X35IAE,006Dm0000036k9pIAA,Contact Sales,Solution Design,50000,0,[REDACTED],[REDACTED]
[REDACTED],006Dm0000036kcwIAA,Contact Sales,Qualified Opportunity,,0,[REDACTED],[REDACTED]
003Dm0000031Z5cIAE,[REDACTED],Contact Sales,Closed Lost,40000,0,[REDACTED],[REDACTED]
003Dm0000031ZNoIAM,006Dm0000036n3lIAA,Contact Sales,Solution Design,45000,0,[REDACTED],[REDACTED]
003Dm0000031bNaIAI,006Dm0000036n3lIAA,Contact Sales,Solution Design,45000,0,[REDACTED],[REDACTED]
003Dm0000031bNkIAI,006Dm0000036n3lIAA,Contact Sales,Solution Design,45000,0,[REDACTED],[REDACTED]
003Dm0000031U8tIAE,006Dm0000036gvGIAQ,Contact Sales,Rejected [REDACTED],50000,0,[REDACTED],[REDACTED]
003Dm0000031WOkIAM,006Dm0000036jiKIAQ,Contact Sales,Referred to [REDACTED],[REDACTED],0,[REDACTED],[REDACTED]
003Dm0000031WvAIAU,006Dm0000036k7eIAA,Contact Sales,Development,40000,0,[REDACTED],[REDACTED]
003Dm0000031U7uIAE,006Dm0000036gv1IAA,Drift,Solution Design,150000,0,[REDACTED],[REDACTED]
003Dm0000031UCGIA2,006Dm0000036gyjIAA,Contact Sales,Closed Lost,50000,0,[REDACTED],[REDACTED]
003Dm0000031WxkIAE,006Dm0000036k8cIAA,Contact Sales,Rejected [REDACTED],1,0,[REDACTED],[REDACTED]
003Dm0000031Ug1IAE,006Dm0000036hd8IAA,Contact Sales,Development,47500,0,[REDACTED],[REDACTED]
003Dm0000031VvFIAU,006Dm0000036jCJIAY,Contact Sales,Closed Lost,45000,0,[REDACTED],[REDACTED]
003Dm0000031WKjIAM,006Dm0000036jdBIAQ,Drift,Development,50000,0,[REDACTED],[REDACTED]
003Dm0000031U98IAE,006Dm0000036gvVIAQ,Contact Sales,Referred to [REDACTED],[REDACTED],0,[REDACTED],[REDACTED]
003Dm0000031X1MIAU,006Dm0000036k9BIAQ,Contact Sales,Closed Lost,50000,0,[REDACTED],[REDACTED]
003Dm0000031U8xIAE,006Dm0000036gvBIAQ,Contact Sales,Closed Lost,[REDACTED],0,[REDACTED],[REDACTED]
003Dm0000031UD4IAM,006Dm0000036gzXIAQ,Contact Sales,Development,50000,0,[REDACTED],[REDACTED]
003Dm0000031WKiIAM,006Dm0000036jdAIAQ,Contact Sales,Closed Lost,[REDACTED],0,[REDACTED],[REDACTED]
003Dm0000031WxBIAU,006Dm0000036k8SIAQ,Contact Sales,Referred to [REDACTED],[REDACTED],0,[REDACTED],[REDACTED]
003Dm0000031RLLIA2,006Dm0000036dXGIAY,Contact Sales,Qualified Opportunity,30000,0,[REDACTED],[REDACTED]
003Dm0000031RMJIA2,006Dm0000036dXVIAY,Contact Sales,Legal Negotiation,[REDACTED],0,[REDACTED],[REDACTED]
003Dm0000031RMsIAM,006Dm0000036dXVIAY,Contact Sales,Legal Negotiation,[REDACTED],0,[REDACTED],[REDACTED]
003Dm0000031XHlIAM,006Dm0000036dXVIAY,Contact Sales,Legal Negotiation,[REDACTED],0,[REDACTED],[REDACTED]
003Dm000005FQb2IAG,006Dm0000036dXVIAY,Contact Sales,Legal Negotiation,[REDACTED],0,[REDACTED],[REDACTED]
003Dm0000031SDNIA2,006Dm0000036egsIAA,Contact Sales,Development,50000,0,[REDACTED],[REDACTED]
[REDACTED],006Dm0000036da0IAA,Contact Sales,Closed Lost,50000,0,[REDACTED],[REDACTED]
003Dm0000031T6bIAE,006Dm0000036fx1IAA,Contact Sales,Proposal,300000,0,[REDACTED],[REDACTED]
[REDACTED],006Dm0000036eYjIAI,Contact Sales,Closed Lost,82500,0,[REDACTED],[REDACTED]
003Dm0000031ROeIAM,006Dm0000036dZqIAI,Web Content,Qualified Opportunity,[REDACTED],0,[REDACTED],[REDACTED]
003Dm0000031S9pIAE,006Dm0000036eb9IAA,Contact Sales,Development,50000,0,[REDACTED],[REDACTED]
003Dm0000031QWsIAM,006Dm0000036ctaIAA,Prospect Event,Solution Design,60000,0,[REDACTED],[REDACTED]
003Dm0000031OQfIAM,006Dm0000036Zs4IAE,Contact Sales,Development,1,0,[REDACTED],[REDACTED]
003Dm0000031Oj0IAE,006Dm0000036aKdIAI,Contact Sales,Closed Lost,220000,0,[REDACTED],[REDACTED]
0031R00002AgGMfQAN,006Dm0000036az7IAA,Contact Sales,Development,50000,0,[REDACTED],[REDACTED]
003Dm0000031P9YIAU,006Dm0000036az7IAA,Contact Sales,Development,50000,0,[REDACTED],[REDACTED]
003Dm0000031PUWIA2,006Dm0000036bVNIAY,Contact Sales,Proposal,16666.5,0,[REDACTED],[REDACTED]
003Dm0000031PMvIAM,006Dm0000036bE2IAI,Contact Sales,Referred to [REDACTED],5000,0,[REDACTED],[REDACTED]
003Dm0000031P9ZIAU,006Dm0000036az8IAA,Contact Sales,Development,50000,0,[REDACTED],[REDACTED]
003Dm0000031PD5IAM,006Dm0000036b2VIAQ,Nurture,Closed Lost,27000,0,[REDACTED],[REDACTED]
003Dm0000031Pz9IAE,006Dm0000036cKGIAY,Contact Sales,Development,60000,0,[REDACTED],[REDACTED]
003Dm0000031RJzIAM,006Dm0000036dWNIAY,Contact Sales,Proposal,50000,0,[REDACTED],[REDACTED]
003Dm0000031OQGIA2,006Dm0000036ZrpIAE,Contact Sales,Closed Lost,50000,0,[REDACTED],[REDACTED]
003Dm0000031QFaIAM,006Dm0000036cXKIAY,Contact Sales,Closed Lost,45000,0,[REDACTED],[REDACTED]
003Dm0000031MirIAE,006Dm0000036Xq2IAE,Contact Sales,Closed Lost,50000,0,[REDACTED],[REDACTED]
003Dm0000031LZ2IAM,006Dm0000036WDrIAM,Contact Sales,Development,50000,0,[REDACTED],[REDACTED]
003Dm0000031LZRIA2,006Dm0000036WE1IAM,Contact Sales,Closed Lost,40000,0,[REDACTED],[REDACTED]
003Dm0000031NKCIA2,006Dm0000036YhtIAE,Contact Sales,Development,[REDACTED],0,[REDACTED],[REDACTED]
003Dm0000031ONRIA2,006Dm0000036ZrLIAU,Contact Sales,Development,70000,0,[REDACTED],[REDACTED]
003Dm0000031LafIAE,006Dm0000036WFxIAM,Contact Sales,Rejected [REDACTED],50000,0,[REDACTED],[REDACTED]
003Dm0000031MEMIA2,006Dm0000036X6cIAE,Contact Sales,Development,80000,0,[REDACTED],[REDACTED]
003Dm0000031O6QIAU,006Dm0000036ZgNIAU,Contact Sales,Proposal,33000,0,[REDACTED],[REDACTED]
003Dm0000031O7nIAE,006Dm0000036Zh1IAE,Contact Sales,Development,50000,0,[REDACTED],[REDACTED]
003Dm0000031La0IAE,006Dm0000036WELIA2,Contact Sales,Development,30000,0,[REDACTED],[REDACTED]
003Dm0000031LYsIAM,006Dm0000036WDcIAM,Contact Sales,Proposal,50000,0,[REDACTED],[REDACTED]
003Dm0000031LXGIA2,[REDACTED],Contact Sales,Rejected [REDACTED],1,0,[REDACTED],[REDACTED]
003Dm0000031H8aIAE,006Dm0000036S7VIAU,Contact Sales,Qualified Opportunity,50000,0,[REDACTED],[REDACTED]
003Dm0000031IlKIAU,006Dm0000036U4eIAE,Contact Sales,Closed Lost,45000,0,[REDACTED],[REDACTED]
003Dm0000031I5kIAE,006Dm0000036TTcIAM,Drift,Closed Lost,50000,0,[REDACTED],[REDACTED]
003Dm0000031GH2IAM,006Dm0000036QymIAE,Contact Sales,Closed Lost,50000,0,[REDACTED],[REDACTED]
003Dm0000031I9KIAU,006Dm0000036SnSIAU,Contact Sales,Referred to [REDACTED],[REDACTED],0,[REDACTED],[REDACTED]
003Dm0000031DSMIA2,006Dm0000036NarIAE,Contact Sales,Closed Lost,50000,0,[REDACTED],[REDACTED]
003Dm0000031DcvIAE,006Dm0000036NmTIAU,Contact Sales,Rejected [REDACTED],1,0,[REDACTED],[REDACTED]
003Dm0000031FhsIAE,006Dm0000036QTPIA2,Contact Sales,Closed Lost,50000,0,[REDACTED],[REDACTED]
[REDACTED],006Dm0000036QvEIAU,Drift,Solution Design,[REDACTED],0,[REDACTED],[REDACTED]
003Dm0000031BK3IAM,006Dm0000036L2sIAE,Contact Sales,Closed Lost,50000,0,[REDACTED],[REDACTED]
003Dm0000031AYTIA2,006Dm0000036K47IAE,Contact Sales,Development,50000,0,[REDACTED],[REDACTED]
003Dm0000031D8fIAE,006Dm0000036NGwIAM,Contact Sales,Development,30000,0,[REDACTED],[REDACTED]
003Dm0000031ALAIA2,006Dm0000036Jo9IAE,Contact Sales,Development,30000,0,[REDACTED],[REDACTED]
003Dm0000031BkqIAE,006Dm0000036LgEIAU,Contact Sales,Development,45000,0,[REDACTED],[REDACTED]
003Dm0000031CYcIAM,006Dm0000036MhXIAU,Contact Sales,Qualified Opportunity,,0,[REDACTED],[REDACTED]
003Dm0000031AIQIA2,006Dm0000036JiLIAU,Contact Sales,Closed Lost,175000,0,[REDACTED],[REDACTED]
003Dm00000317bXIAQ,006Dm0000036GErIAM,Contact Sales,Closed Lost,50000,0,[REDACTED],[REDACTED]
003Dm00000317xiIAA,006Dm0000036GkOIAU,Contact Sales,Development,50000,0,[REDACTED],[REDACTED]
003Dm00000319hzIAA,006Dm0000036JFTIA2,Contact Sales,Development,[REDACTED],0,[REDACTED],[REDACTED]
003Dm00000317OiIAI,006Dm0000036FyoIAE,Contact Sales,Development,[REDACTED],0,[REDACTED],[REDACTED]
003Dm00000317fyIAA,[REDACTED],Contact Sales,Development,40000,0,[REDACTED],[REDACTED]
003Dm00000317NQIAY,006Dm0000036FyPIAU,Contact Sales,Referred to [REDACTED],50000,0,[REDACTED],[REDACTED]
003Dm0000031sW3IAI,006Dm0000036FyPIAU,Contact Sales,Referred to [REDACTED],50000,0,[REDACTED],[REDACTED]
003Dm00000317P2IAI,006Dm0000036G01IAE,Contact Sales,Closed Lost,30800,0,[REDACTED],[REDACTED]
003Dm00000318EzIAI,006Dm0000036H5mIAE,Contact Sales,Business Negotiation,[REDACTED],0,[REDACTED],[REDACTED]
003Dm000003183bIAA,006Dm0000036GtkIAE,Contact Sales,Rejected [REDACTED],50000,0,[REDACTED],[REDACTED]
003Dm00000316FVIAY,006Dm0000036EtEIAU,Contact Sales,Closed Lost,50000,0,[REDACTED],[REDACTED]
003Dm00000314BhIAI,006Dm0000036C32IAE,Contact Sales,Closed Won,39900,39900,[REDACTED],[REDACTED]
003Dm00000316cRIAQ,006Dm0000036FHVIA2,Contact Sales,Development,45000,0,[REDACTED],[REDACTED]
003Dm00000314CAIAY,006Dm0000036C3QIAU,Contact Sales,Closed Lost,[REDACTED],0,[REDACTED],[REDACTED]
003Dm00000314F0IAI,006Dm0000036C9dIAE,Contact Sales,Closed Lost,50000,0,[REDACTED],[REDACTED]
003Dm00000314BgIAI,006Dm0000036C31IAE,Contact Sales,Closed Lost,50000,0,[REDACTED],[REDACTED]
003Dm00000317LtIAI,006Dm0000036FxWIAU,Contact Sales,Development,40000,0,[REDACTED],[REDACTED]
003Dm00000314aCIAQ,006Dm0000036CaPIAU,Contact Sales,Closed Lost,[REDACTED],0,[REDACTED],[REDACTED]
003Dm00000315gzIAA,006Dm0000036E1IIAU,Contact Sales,Development,50000,0,[REDACTED],[REDACTED]
003Dm00000317IkIAI,006Dm0000036FwJIAU,Contact Sales,Rejected [REDACTED],1,0,[REDACTED],[REDACTED]
003Dm00000314VqIAI,006Dm0000036CH9IAM,Contact Sales,Referred to [REDACTED],[REDACTED],0,[REDACTED],[REDACTED]
003Dm000003148XIAQ,006Dm0000036C1ZIAU,Contact Sales,Closed Lost,150000,0,[REDACTED],[REDACTED]
[REDACTED],006Dm00000366nmIAA,Contact Sales,Referred to [REDACTED],[REDACTED],0,[REDACTED],[REDACTED]
003Dm00000310Z3IAI,006Dm000003697yIAA,Contact Sales,Development,45000,0,[REDACTED],[REDACTED]
003Dm0000030zyMIAQ,006Dm00000368K3IAI,Contact Sales,Solution Design,47500,0,[REDACTED],[REDACTED]
003Dm0000030zH5IAI,006Dm00000367KRIAY,Contact Sales,Referred to [REDACTED],[REDACTED],0,[REDACTED],[REDACTED]
003Dm0000030ys5IAA,006Dm00000366lqIAA,Contact Sales,Development,40000,0,[REDACTED],[REDACTED]
003Dm0000030zf2IAA,006Dm00000367uFIAQ,Contact Sales,Development,150000,0,[REDACTED],[REDACTED]
003Dm00000310EPIAY,006Dm00000368gJIAQ,Contact Sales,[REDACTED] Closed Lost,[REDACTED],0,[REDACTED],[REDACTED]
003Dm0000030wA0IAI,006Dm00000363PDIAY,Contact Sales,Rejected [REDACTED],50000,0,[REDACTED],[REDACTED]
003Dm0000030wokIAA,006Dm00000364TkIAI,Contact Sales,Development,40000,0,[REDACTED],[REDACTED]
003Dm0000030xpUIAQ,006Dm00000365RMIAY,Contact Sales,Development,50000,0,[REDACTED],[REDACTED]
003Dm0000030yGVIAY,006Dm00000366GOIAY,Contact Sales,Development,50000,0,[REDACTED],[REDACTED]
003Dm00000312v6IAA,006Dm00000366GOIAY,Contact Sales,Development,50000,0,[REDACTED],[REDACTED]
003Dm0000030w7uIAA,006Dm00000363M4IAI,Contact Sales,Rejected [REDACTED],50000,0,[REDACTED],[REDACTED]
[REDACTED],006Dm00000366lRIAQ,Drift,Referred to [REDACTED],[REDACTED],0,[REDACTED],[REDACTED]
003Dm0000030t5uIAA,006Dm0000035zdFIAQ,Contact Sales,Closed Lost,[REDACTED],0,[REDACTED],[REDACTED]
003Dm0000030tP1IAI,006Dm00000360JlIAI,Contact Sales,Closed Lost,50000,0,[REDACTED],[REDACTED]
003Dm0000030vyYIAQ,006Dm00000363H4IAI,Contact Sales,Development,50000,0,[REDACTED],[REDACTED]
[REDACTED],006Dm0000035zsBIAQ,Contact Sales,Closed Lost,40000,0,[REDACTED],[REDACTED]
003Dm0000030w2VIAQ,006Dm00000363IMIAY,Contact Sales,Rejected [REDACTED],1,0,[REDACTED],[REDACTED]
003Dm0000030t44IAA,006Dm0000035zclIAA,Contact Sales,Development,50000,0,[REDACTED],[REDACTED]
003Dm0000030t5pIAA,006Dm0000035zdAIAQ,Contact Sales,Solution Design,46200,0,[REDACTED],[REDACTED]
003Dm0000030tItIAI,006Dm000003609HIAQ,Contact Sales,Closed Lost,50000,0,[REDACTED],[REDACTED]
003Dm0000030uB0IAI,006Dm00000361MMIAY,Contact Sales,Development,45000,0,[REDACTED],[REDACTED]
003Dm0000030w3dIAA,006Dm00000363IgIAI,Contact Sales,Solution Design,50000,0,[REDACTED],[REDACTED]
003Dm0000030tK6IAI,006Dm00000360CfIAI,Contact Sales,Closed Lost,40000,0,[REDACTED],[REDACTED]
003Dm0000030t6JIAQ,006Dm0000035zp2IAA,Contact Sales,Referred to [REDACTED],[REDACTED],0,[REDACTED],[REDACTED]
003Dm0000030reHIAQ,006Dm0000035yLZIAY,Contact Sales,Referred to [REDACTED],[REDACTED],0,[REDACTED],[REDACTED]
003Dm0000030qIJIAY,006Dm0000035wejIAA,Contact Sales,Closed Lost,[REDACTED],0,[REDACTED],[REDACTED]
003Dm0000030qInIAI,006Dm0000035wf3IAA,Contact Sales,Referred to [REDACTED],[REDACTED],0,[REDACTED],[REDACTED]
003Dm0000030qI9IAI,006Dm0000035wdCIAQ,Contact Sales,Referred to [REDACTED],50000,0,[REDACTED],[REDACTED]
003Dm0000030qTZIAY,006Dm0000035wuNIAQ,Contact Sales,Development,300000,0,[REDACTED],[REDACTED]
003Dm0000030qIdIAI,006Dm0000035wetIAA,Contact Sales,Closed Lost,[REDACTED],0,[REDACTED],[REDACTED]
003Dm0000030qPFIAY,006Dm0000035wojIAA,Contact Sales,Closed Lost,[REDACTED],0,[REDACTED],[REDACTED]
003Dm0000030oIqIAI,006Dm0000035uPXIAY,Contact Sales,Proposal,50000,0,[REDACTED],[REDACTED]
003Dm0000030othIAA,[REDACTED],[REDACTED],Referred to [REDACTED],50000,0,[REDACTED],[REDACTED]
003Dm0000030oSvIAI,006Dm0000035ubdIAA,Contact Sales,Development,[REDACTED],0,[REDACTED],[REDACTED]
003Dm0000030oJZIAY,006Dm0000035uROIAY,Contact Sales,Closed Lost,50000,0,[REDACTED],[REDACTED]
003Dm0000030lbGIAQ,006Dm0000035s8KIAQ,Contact Sales,Rejected [REDACTED],30000,0,[REDACTED],[REDACTED]
003Dm0000030l7bIAA,006Dm0000035rYRIAY,Contact Sales,Closed Lost,50000,0,[REDACTED],[REDACTED]
003Dm0000030ji2IAA,006Dm0000035pkLIAQ,Contact Sales,Rejected [REDACTED],50000,0,[REDACTED],[REDACTED]
003Dm0000030k1YIAQ,006Dm0000035q7yIAA,Contact Sales,Referred to [REDACTED],15000,0,[REDACTED],[REDACTED]
003Dm0000030jeFIAQ,006Dm0000035peNIAQ,Drift,Closed Lost,50000,0,[REDACTED],[REDACTED]
003Dm0000017CoNIAU,006Dm0000035milIAA,Contact Sales,Solution Design,[REDACTED],0,[REDACTED],[REDACTED]
003Dm0000030j0dIAA,006Dm0000035pEeIAI,Contact Sales,Development,[REDACTED],0,[REDACTED],[REDACTED]
003Dm0000030j20IAA,006Dm0000035pEeIAI,Contact Sales,Development,[REDACTED],0,[REDACTED],[REDACTED]
003Dm0000030iUoIAI,006Dm0000035ofKIAQ,Contact Sales,Solution Design,45000,0,[REDACTED],[REDACTED]
003Dm0000030iXdIAI,006Dm0000035ojCIAQ,Contact Sales,Development,40000,0,[REDACTED],[REDACTED]
003Dm0000030iSjIAI,006Dm0000035oelIAA,Contact Sales,Rejected [REDACTED],,0,[REDACTED],[REDACTED]
003Dm0000017DHQIA2,006Dm0000035nKLIAY,Contact Sales,Closed Won,40000,40000,[REDACTED],[REDACTED]
003Dm000005GtGTIA0,006Dm0000035nKLIAY,Contact Sales,Closed Won,40000,40000,[REDACTED],[REDACTED]
003Dm0000017ByWIAU,006Dm000001sFS3IAM,Contact Sales,Development,80000,0,[REDACTED],[REDACTED]
003Dm0000017CmMIAU,006Dm0000035miCIAQ,Contact Sales,Rejected [REDACTED],1,0,[REDACTED],[REDACTED]
003Dm00000179yPIAQ,006Dm000001sCvZIAU,Contact Sales,Referred to [REDACTED],50000,0,[REDACTED],[REDACTED]
003Dm0000017A7bIAE,006Dm000001sD8YIAU,Contact Sales,Development,150000,0,[REDACTED],[REDACTED]
003Dm0000017A7bIAE,006Dm000001sD8YIAU,Contact Sales,Development,150000,0,[REDACTED],[REDACTED]
003Dm0000031UG3IAM,006Dm000001sD8YIAU,Contact Sales,Development,150000,0,[REDACTED],[REDACTED]
003Dm0000017ClxIAE,[REDACTED],Contact Sales,Development,40000,0,[REDACTED],[REDACTED]
003Dm0000017AqRIAU,006Dm000001sE2qIAE,Contact Sales,Closed Lost,90000,0,[REDACTED],[REDACTED]
003Dm00000178yQIAQ,006Dm000001sBy8IAE,Contact Sales,Closed Lost,85000,0,[REDACTED],[REDACTED]
003Dm00000179EJIAY,006Dm000001sCH0IAM,Contact Sales,Solution Design,40000,0,[REDACTED],[REDACTED]
[REDACTED],006Dm000001s9k4IAA,Drift,Closed Lost,48000,0,[REDACTED],[REDACTED]
003Dm00000179t0IAA,006Dm000001sCrhIAE,Contact Sales,Proposal,50000,0,[REDACTED],[REDACTED]
003Dm00000179w5IAA,006Dm000001sCsLIAU,Contact Sales,Closed Lost,36900,0,[REDACTED],[REDACTED]
003Dm00000178SlIAI,006Dm000001sBPmIAM,Contact Sales,Closed Lost,150000,0,[REDACTED],[REDACTED]
003Dm[REDACTED]IAA,006Dm000001s9k9IAA,Contact Sales,Closed Lost,62500,0,[REDACTED],[REDACTED]
[REDACTED],006Dm000001sBuVIAU,Contact Sales,Proposal,437500,0,[REDACTED],[REDACTED]
0031R00002lOytBQAS,006Dm000001s7O1IAI,Outbound,Closed Lost,50000,0,[REDACTED],[REDACTED]
[REDACTED],006Dm000001s6RiIAI,Contact Sales,Development,40000,0,[REDACTED],[REDACTED]
003Dm00000175pnIAA,006Dm000001s8R1IAI,Contact Sales,Solution Design,54000,0,[REDACTED],[REDACTED]
003Dm00000174aEIAQ,006Dm000001s6fVIAQ,Contact Sales,Legal Negotiation,122000,0,[REDACTED],[REDACTED]
003Dm000001700EIAQ,006Dm000001s2VMIAY,Contact Sales,[REDACTED] Closed Won,[REDACTED],0,[REDACTED],[REDACTED]
003Dm000001706RIAQ,[REDACTED],Contact Sales,Business Negotiation,84800,0,[REDACTED],[REDACTED]
003Dm0000016wmhIAA,006Dm000001ryKjIAI,Contact Sales,Closed Lost,57500,0,[REDACTED],[REDACTED]
003Dm0000016wnVIAQ,006Dm000001ryNOIAY,Contact Sales,Closed Lost,[REDACTED],0,[REDACTED],[REDACTED]
003Dm0000016uFbIAI,006Dm000001rvBoIAI,Contact Sales,Closed Lost,[REDACTED],0,[REDACTED],[REDACTED]
0031R00002lezvbQAA,006Dm000001rv15IAA,Contact Sales,Development,50000,0,[REDACTED],[REDACTED]
003Dm0000016u5CIAQ,006Dm000001ruwUIAQ,Contact Sales,Closed Lost,50000,0,[REDACTED],[REDACTED]
003Dm0000016uZqIAI,006Dm000001rvfjIAA,Contact Sales,Rejected [REDACTED],50000,0,[REDACTED],[REDACTED]
003Dm0000016uqwIAA,006Dm000001rw5SIAQ,Contact Sales,Closed Lost,80000,0,[REDACTED],[REDACTED]
003Dm0000016vGpIAI,006Dm000001rwbiIAA,Contact Sales,[REDACTED] Closed Won,[REDACTED],0,[REDACTED],[REDACTED]
003Dm0000016u5RIAQ,006Dm000001ruweIAA,Contact Sales,Closed Lost,45000,0,[REDACTED],[REDACTED]
[REDACTED],006Dm000001rsYfIAI,Contact Sales,Closed Lost,30000,0,[REDACTED],[REDACTED]
[REDACTED],006Dm000001rsYfIAI,Contact Sales,Closed Lost,30000,0,[REDACTED],[REDACTED]
003Dm0000016ruZIAQ,006Dm000001rsDrIAI,Contact Sales,Closed Lost,40000,0,[REDACTED],[REDACTED]
[REDACTED],006Dm000001ruvqIAA,Contact Sales,Closed Lost,50000,0,[REDACTED],[REDACTED]
003Dm0000016rbXIAQ,006Dm000001rriKIAQ,Web Content,Qualified Opportunity,[REDACTED],0,[REDACTED],[REDACTED]
[REDACTED],006Dm000001rsOfIAI,Contact Sales,Solution Design,80000,0,[REDACTED],[REDACTED]
003Dm0000016sEiIAI,006Dm000001rsiGIAQ,Drift,[REDACTED] Closed Won,[REDACTED],0,[REDACTED],[REDACTED]
003Dm0000031X2vIAE,006Dm000001rsiGIAQ,Drift,[REDACTED] Closed Won,[REDACTED],0,[REDACTED],[REDACTED]
003Dm0000016u57IAA,006Dm000001ruwPIAQ,Contact Sales,Closed Lost,85000,0,[REDACTED],[REDACTED]
003Dm0000016s4dIAA,006Dm000001rsR6IAI,Contact Sales,Closed Lost,40000,0,[REDACTED],[REDACTED]
003Dm0000016mnTIAQ,006Dm000001rmQlIAI,Contact Sales,Closed Lost,52000,0,[REDACTED],[REDACTED]
003Dm0000016ksXIAQ,006Dm000001rk0VIAQ,Contact Sales,Development,[REDACTED],0,[REDACTED],[REDACTED]
003Dm0000016mO9IAI,006Dm000001rm7EIAQ,Contact Sales,Proposal,69800,0,[REDACTED],[REDACTED]
003Dm0000016l0RIAQ,006Dm000001rkF1IAI,Contact Sales,Solution Design,[REDACTED],0,[REDACTED],[REDACTED]
003Dm0000016kWCIAY,006Dm000001rjUFIAY,Contact Sales,Closed Lost,66000,0,[REDACTED],[REDACTED]
003Dm0000016gRtIAI,006Dm000001reFUIAY,Contact Sales,Rejected [REDACTED],50000,0,[REDACTED],[REDACTED]
[REDACTED],006Dm000001reEvIAI,Contact Sales,Rejected [REDACTED],,0,[REDACTED],[REDACTED]
003Dm0000016dBTIAY,[REDACTED],Contact Sales,Proposal,55000,0,[REDACTED],[REDACTED]
003Dm0000016d1EIAQ,006Dm000001rb0lIAA,Contact Sales,Development,72000,0,[REDACTED],[REDACTED]
003Dm0000016bTBIAY,006Dm000001rZG3IAM,Contact Sales,Closed Lost,[REDACTED],0,[REDACTED],[REDACTED]
003Dm0000016bexIAA,[REDACTED],Contact Sales,Solution Design,50000,0,[REDACTED],[REDACTED]
003Dm0000016bKnIAI,006Dm000001rZ6mIAE,Contact Sales,Closed Lost,[REDACTED],0,[REDACTED],[REDACTED]
003Dm0000016a2OIAQ,006Dm000001rXXWIA2,Contact Sales,[REDACTED] Closed Won,[REDACTED],0,[REDACTED],[REDACTED]
003Dm0000016bJGIAY,006Dm000001rZ5tIAE,Contact Sales,Solution Design,200000,0,[REDACTED],[REDACTED]
003Dm0000016ZbmIAE,006Dm000001rWw1IAE,Outbound,Legal Negotiation,[REDACTED],0,[REDACTED],[REDACTED]
003Dm0000016ZcGIAU,006Dm000001rWxTIAU,Drift,[REDACTED] Closed Won,[REDACTED],0,[REDACTED],[REDACTED]
003Dm0000016ZcQIAU,006Dm000001rWxdIAE,Contact Sales,Referred to [REDACTED],[REDACTED],0,[REDACTED],[REDACTED]
003Dm0000016XoyIAE,006Dm000001rUsqIAE,Contact Sales,Closed Lost,50000,0,[REDACTED],[REDACTED]
003Dm0000016XwxIAE,006Dm000001rV3FIAU,Contact Sales,Qualified Opportunity,,0,[REDACTED],[REDACTED]
003Dm0000016XgfIAE,006Dm000001rUiRIAU,Contact Sales,Referred to [REDACTED],40000,0,[REDACTED],[REDACTED]
003Dm0000016XxRIAU,006Dm000001rV3yIAE,Contact Sales,[REDACTED] Closed Lost,26000,0,[REDACTED],[REDACTED]
003Dm0000016YGnIAM,006Dm000001rVULIA2,Contact Sales,Development,50000,0,[REDACTED],[REDACTED]
003Dm0000016ZAlIAM,006Dm000001rWcaIAE,Contact Sales,Solution Design,60000,0,[REDACTED],[REDACTED]
003Dm0000016YOcIAM,006Dm000001rVeuIAE,Contact Sales,Development,[REDACTED],0,[REDACTED],[REDACTED]
003Dm0000016YDpIAM,006Dm000001rVZaIAM,Contact Sales,Rejected [REDACTED],40000,0,[REDACTED],[REDACTED]
003Dm0000016XawIAE,006Dm000001rUa3IAE,Contact Sales,Development,40000,0,[REDACTED],[REDACTED]
003Dm0000016W86IAE,006Dm000001rSpuIAE,Contact Sales,Development,40000,0,[REDACTED],[REDACTED]
003Dm0000016WOiIAM,006Dm000001rTBlIAM,Contact Sales,Closed Lost,[REDACTED],0,[REDACTED],[REDACTED]
003Dm0000016VecIAE,006Dm000001rS5NIAU,Contact Sales,Closed Lost,50000,0,[REDACTED],[REDACTED]
003Dm0000016XXEIA2,006Dm000001rUYgIAM,Drift,Rejected [REDACTED],,0,[REDACTED],[REDACTED]
003Dm0000016XaNIAU,006Dm000001rUZeIAM,Contact Sales,Development,40000,0,[REDACTED],[REDACTED]
003Dm0000016Vd0IAE,006Dm000001rS3bIAE,Contact Sales,[REDACTED] Closed Won,[REDACTED],0,[REDACTED],[REDACTED]
003Dm0000016VeIIAU,006Dm000001rS58IAE,Contact Sales,[REDACTED] Closed Won,[REDACTED],0,[REDACTED],[REDACTED]
003Dm0000016WCmIAM,006Dm000001rSv9IAE,Contact Sales,Development,50000,0,[REDACTED],[REDACTED]
003Dm0000016VijIAE,[REDACTED],Drift,Referred to [REDACTED],[REDACTED],0,[REDACTED],[REDACTED]
003Dm0000016VkiIAE,006Dm000001rSEZIA2,Contact Sales,Rejected [REDACTED],50000,0,[REDACTED],[REDACTED]
003Dm0000016VZmIAM,006Dm000001rS1fIAE,Contact Sales,Business Negotiation,31000,0,[REDACTED],[REDACTED]
003Dm0000016VZwIAM,006Dm000001rS1pIAE,Contact Sales,Closed Lost,40000,0,[REDACTED],[REDACTED]
003Dm0000016VZNIA2,006Dm000001rS1VIAU,Contact Sales,Closed Lost,40000,0,[REDACTED],[REDACTED]
003Dm0000016RYRIA2,006Dm000001rOchIAE,Contact Sales,Referred to [REDACTED],[REDACTED],0,[REDACTED],[REDACTED]
003Dm0000016RRaIAM,[REDACTED],Contact Sales,Closed Lost,50000,0,[REDACTED],[REDACTED]
003Dm0000016RUyIAM,006Dm000001rOYaIAM,Contact Sales,Referred to [REDACTED],[REDACTED],0,[REDACTED],[REDACTED]
003Dm0000016S4zIAE,006Dm000001rPHkIAM,Contact Sales,Closed Lost,60000,0,[REDACTED],[REDACTED]
003Dm0000016RSYIA2,006Dm000001rOUTIA2,Contact Sales,Closed Lost,[REDACTED],0,[REDACTED],[REDACTED]
003Dm0000016SSrIAM,006Dm000001rPlfIAE,Contact Sales,[REDACTED] Closed Won,[REDACTED],0,[REDACTED],[REDACTED]
003Dm0000016S0kIAE,006Dm000001rPElIAM,Contact Sales,Solution Design,76000,0,[REDACTED],[REDACTED]
003Dm0000016S4aIAE,[REDACTED],Contact Sales,Qualified Opportunity,80000,0,[REDACTED],[REDACTED]
003Dm0000016SAYIA2,006Dm000001rPOvIAM,Contact Sales,Solution Design,[REDACTED],0,[REDACTED],[REDACTED]
003Dm0000016PVdIAM,006Dm000001rMKgIAM,Drift,Closed Lost,50000,0,[REDACTED],[REDACTED]
003Dm0000030wZjIAI,006Dm000001rMKgIAM,Drift,Closed Lost,50000,0,[REDACTED],[REDACTED]
003Dm0000016PPVIA2,006Dm000001rMF2IAM,Contact Sales,Development,50000,0,[REDACTED],[REDACTED]
003Dm0000016QTUIA2,006Dm000001rNd5IAE,Contact Sales,Development,[REDACTED],0,[REDACTED],[REDACTED]
003Dm0000016NOZIA2,006Dm000001rJtsIAE,Contact Sales,Rejected [REDACTED],50000,0,[REDACTED],[REDACTED]
003Dm0000016OWfIAM,006Dm000001rLcUIAU,Contact Sales,Closed Lost,50000,0,[REDACTED],[REDACTED]
003Dm0000016PHCIA2,006Dm000001rM9EIAU,Contact Sales,Rejected [REDACTED],1,0,[REDACTED],[REDACTED]
003Dm0000016O9VIAU,006Dm000001rKvuIAE,Contact Sales,Referred to [REDACTED],80000,0,[REDACTED],[REDACTED]
003Dm0000016O2LIAU,006Dm000001rKngIAE,Contact Sales,Rejected [REDACTED],40000,0,[REDACTED],[REDACTED]
003Dm0000016OXXIA2,006Dm000001rLLZIA2,Contact Sales,Rejected [REDACTED],,0,[REDACTED],[REDACTED]
[REDACTED],006Dm000001rJp2IAE,Contact Sales,Development,45000,0,[REDACTED],[REDACTED]
[REDACTED],006Dm000001rK6xIAE,Contact Sales,Closed Lost,42000,0,[REDACTED],[REDACTED]
003Dm0000016NYoIAM,006Dm000001rK6xIAE,Contact Sales,Closed Lost,42000,0,[REDACTED],[REDACTED]
003Dm0000016NymIAE,006Dm000001rKgkIAE,Contact Sales,Closed Won,[REDACTED],[REDACTED],[REDACTED],[REDACTED]
003Dm0000016ZYJIA2,006Dm000001rKgkIAE,Contact Sales,Closed Won,[REDACTED],[REDACTED],[REDACTED],[REDACTED]
003Dm0000031aMCIAY,006Dm000001rKgkIAE,Contact Sales,Closed Won,[REDACTED],[REDACTED],[REDACTED],[REDACTED]
003Dm000005GireIAC,006Dm000001rKgkIAE,Contact Sales,Closed Won,[REDACTED],[REDACTED],[REDACTED],[REDACTED]
003Dm000005H5PWIA0,006Dm000001rKgkIAE,Contact Sales,Closed Won,[REDACTED],[REDACTED],[REDACTED],[REDACTED]
003Dm0000016LMgIAM,006Dm000001rHYUIA2,Contact Sales,Closed Lost,50000,0,[REDACTED],[REDACTED]
003Dm0000016LjTIAU,006Dm000001rI87IAE,Contact Sales,Closed Lost,[REDACTED],0,[REDACTED],[REDACTED]
003Dm0000016LuqIAE,006Dm000001rIKSIA2,Drift,[REDACTED] Closed Won,[REDACTED],0,[REDACTED],[REDACTED]
003Dm0000016MvVIAU,006Dm000001rJXcIAM,Drift,Closed Lost,50000,0,[REDACTED],[REDACTED]
003Dm0000016MslIAE,006Dm000001rJVCIA2,Contact Sales,Closed Lost,[REDACTED],0,[REDACTED],[REDACTED]
003Dm0000016LMfIAM,006Dm000001rHYTIA2,Contact Sales,Rejected [REDACTED],1,0,[REDACTED],[REDACTED]
003Dm0000016M0uIAE,006Dm000001rIVGIA2,Contact Sales,Development,40000,0,[REDACTED],[REDACTED]
003Dm0000016IusIAE,006Dm000001rEs1IAE,Contact Sales,Rejected [REDACTED],,0,[REDACTED],[REDACTED]
003Dm0000016PJDIA2,006Dm000001rEs1IAE,Contact Sales,Rejected [REDACTED],,0,[REDACTED],[REDACTED]
003Dm0000016JLgIAM,006Dm000001rFSAIA2,Abandoned Cart,[REDACTED] Closed Won,[REDACTED],0,[REDACTED],[REDACTED]
003Dm0000016JVqIAM,006Dm000001rFcnIAE,Contact Sales,Proposal,50000,0,[REDACTED],[REDACTED]
003Dm0000016EZJIA2,006Dm000001rBlHIAU,Contact Sales,Rejected [REDACTED],50000,0,[REDACTED],[REDACTED]
003Dm0000016EXcIAM,006Dm000001rBjpIAE,Drift,Rejected [REDACTED],,0,[REDACTED],[REDACTED]
003Dm0000016EiQIAU,006Dm000001rBvCIAU,Contact Sales,Solution Design,[REDACTED],0,[REDACTED],[REDACTED]
003Dm0000016FkWIAU,006Dm000001rD9yIAE,Contact Sales,Closed Lost,30000,0,[REDACTED],[REDACTED]
003Dm0000016FMmIAM,006Dm000001rCjqIAE,Contact Sales,Rejected [REDACTED],50000,0,[REDACTED],[REDACTED]
003Dm0000016BqmIAE,006Dm000001r8u1IAA,Contact Sales,Closed Lost,25200,0,[REDACTED],[REDACTED]
003Dm0000016EBvIAM,006Dm000001rBMWIA2,Contact Sales,Rejected [REDACTED],,0,[REDACTED],[REDACTED]
003Dm0000016BpyIAE,006Dm000001r8rqIAA,Web Content,Closed Lost,50000,0,[REDACTED],[REDACTED]
003Dm0000016DWxIAM,006Dm000001rAmJIAU,Contact Sales,[REDACTED] Closed Lost,[REDACTED],0,[REDACTED],[REDACTED]
003Dm0000016CwlIAE,006Dm000001rA4WIAU,Contact Sales,Proposal,90000,0,[REDACTED],[REDACTED]
003Dm0000016DiZIAU,006Dm000001rA4WIAU,Contact Sales,Proposal,90000,0,[REDACTED],[REDACTED]
003Dm00000169VGIAY,006Dm000001r6StIAI,Contact Sales,Qualified Opportunity,50000,0,[REDACTED],[REDACTED]
003Dm00000169WOIAY,006Dm000001r6ULIAY,Contact Sales,Rejected [REDACTED],50000,0,[REDACTED],[REDACTED]
003Dm00000169djIAA,006Dm000001r6bgIAA,Contact Sales,Closed Lost,[REDACTED],0,[REDACTED],[REDACTED]
003Dm00000169VVIAY,006Dm000001r6TDIAY,Contact Sales,Closed Lost,[REDACTED],0,[REDACTED],[REDACTED]
003Dm00000169YUIAY,006Dm000001r6WRIAY,Contact Sales,Closed Lost,[REDACTED],0,[REDACTED],[REDACTED]
003Dm0000016ASMIA2,006Dm000001r7ZCIAY,Nurture,Closed Won,50000,50000,[REDACTED],[REDACTED]
003Dm0000016AcpIAE,[REDACTED],Drift,[REDACTED] Closed Won,[REDACTED],0,[REDACTED],[REDACTED]
003Dm00000169dAIAQ,006Dm000001r6asIAA,Contact Sales,Development,40000,0,[REDACTED],[REDACTED]
003Dm0000016BJtIAM,006Dm000001r8a1IAA,Contact Sales,Development,[REDACTED],0,[REDACTED],[REDACTED]
003Dm0000016AjvIAE,006Dm000001r7wpIAA,Contact Sales,Closed Lost,50000,0,[REDACTED],[REDACTED]
003Dm0000016B9rIAE,006Dm000001r8RdIAI,Contact Sales,Closed Lost,40000,0,[REDACTED],[REDACTED]
003Dm00000167MCIAY,006Dm000001r45YIAQ,Contact Sales,Rejected [REDACTED],[REDACTED],0,[REDACTED],[REDACTED]
003Dm00000167PqIAI,006Dm000001r4BbIAI,Contact Sales,Closed Lost,50000,0,[REDACTED],[REDACTED]
003Dm00000167AlIAI,[REDACTED],Contact Sales,Closed Lost,[REDACTED],0,[REDACTED],[REDACTED]
003Dm00000167h1IAA,[REDACTED],Contact Sales,Development,30000,0,[REDACTED],[REDACTED]
003Dm00000165qcIAA,006Dm000001r2NbIAI,Contact Sales,[REDACTED] Closed Won,[REDACTED],0,[REDACTED],[REDACTED]
003Dm00000165eHIAQ,006Dm000001r2EEIAY,Contact Sales,[REDACTED] Closed Won,[REDACTED],0,[REDACTED],[REDACTED]
003Dm00000165QLIAY,006Dm000001r1uOIAQ,Contact Sales,Closed Lost,[REDACTED],0,[REDACTED],[REDACTED]
003Dm00000165RsIAI,[REDACTED],Contact Sales,Closed Lost,47500,0,[REDACTED],[REDACTED]
003Dm00000165n9IAA,006Dm000001r2PgIAI,Contact Sales,[REDACTED] Closed Won,[REDACTED],0,[REDACTED],[REDACTED]
003Dm00000165N3IAI,006Dm000001r1qRIAQ,Contact Sales,Closed Lost,72000,0,[REDACTED],[REDACTED]
003Dm000001667OIAQ,[REDACTED],Contact Sales,Closed Lost,40000,0,[REDACTED],[REDACTED]
003Dm[REDACTED]IAA,006Dm000001r3pBIAQ,Contact Sales,[REDACTED] Closed Lost,[REDACTED],0,[REDACTED],[REDACTED]
003Dm00000166ciIAA,006Dm000001r3UDIAY,Contact Sales,[REDACTED] Closed Won,[REDACTED],0,[REDACTED],[REDACTED]
003Dm00000163TjIAI,006Dm000001r0ZKIAY,Contact Sales,Closed Lost,30000,0,[REDACTED],[REDACTED]
003Dm00000163gvIAA,[REDACTED],Contact Sales,Proposal,40000,0,[REDACTED],[REDACTED]
003Dm00000168aeIAA,[REDACTED],Contact Sales,Proposal,40000,0,[REDACTED],[REDACTED]
003Dm00000163YPIAY,006Dm000001r0cJIAQ,Contact Sales,Development,[REDACTED],0,[REDACTED],[REDACTED]
003Dm00000163QkIAI,006Dm000001r0X4IAI,Contact Sales,Referred to [REDACTED],50000,0,[REDACTED],[REDACTED]
003Dm0000016IxrIAE,006Dm000001r0X4IAI,Contact Sales,Referred to [REDACTED],50000,0,[REDACTED],[REDACTED]
003Dm00000163MJIAY,006Dm000001r0UyIAI,Contact Sales,[REDACTED] Closed Won,[REDACTED],0,[REDACTED],[REDACTED]
[REDACTED],006Dm000001r0S4IAI,Contact Sales,Solution Design,40000,0,[REDACTED],[REDACTED]
003Dm00000163NbIAI,006Dm000001r0VcIAI,Contact Sales,Closed Lost,50000,0,[REDACTED],[REDACTED]
003Dm00000163E4IAI,006Dm000001r0PPIAY,Contact Sales,Closed Lost,50000,0,[REDACTED],[REDACTED]
003Dm000001638BIAQ,006Dm000001r0KjIAI,Contact Sales,Rejected [REDACTED],50000,0,[REDACTED],[REDACTED]
003Dm00000163QfIAI,006Dm000001r0WzIAI,Contact Sales,Rejected [REDACTED],50000,0,[REDACTED],[REDACTED]
[REDACTED],006Dm000001r06XIAQ,Contact Sales,Closed Lost,50000,0,[REDACTED],[REDACTED]
[REDACTED],[REDACTED],Contact Sales,Closed Won,49500,49500,[REDACTED],[REDACTED]
003Dm00000162ymIAA,006Dm000001r0CkIAI,Contact Sales,Referred to [REDACTED],45000,0,[REDACTED],[REDACTED]
003Dm00000162yNIAQ,006Dm000001r0CGIAY,Contact Sales,Rejected [REDACTED],50000,0,[REDACTED],[REDACTED]
003Dm00000162smIAA,006Dm000001r063IAA,Drift,Closed Lost,40000,0,[REDACTED],[REDACTED]
003Dm00000162swIAA,006Dm000001r063IAA,Drift,Closed Lost,40000,0,[REDACTED],[REDACTED]
003Dm00000162y3IAA,006Dm000001r0BhIAI,Contact Sales,Proposal,80000,0,[REDACTED],[REDACTED]
003Dm000001630OIAQ,006Dm000001r0DnIAI,Contact Sales,Development,45000,0,[REDACTED],[REDACTED]
003Dm000001630uIAA,006Dm000001r0E2IAI,Contact Sales,Closed Lost,[REDACTED],0,[REDACTED],[REDACTED]
003Dm00000162vdIAA,006Dm000001r07zIAA,Contact Sales,Closed Lost,30000,0,[REDACTED],[REDACTED]
[REDACTED],006Dm000001qztEIAQ,Contact Sales,Rejected [REDACTED],1,0,[REDACTED],[REDACTED]
003Dm00000162d4IAA,006Dm000001qzulIAA,Contact Sales,Closed Lost,[REDACTED],0,[REDACTED],[REDACTED]
003Dm00000162pzIAA,006Dm000001r04gIAA,Contact Sales,[REDACTED] Closed Won,[REDACTED],0,[REDACTED],[REDACTED]
003Dm00000162Z8IAI,006Dm000001qzsLIAQ,Contact Sales,Business Negotiation,[REDACTED],0,[REDACTED],[REDACTED]
003Dm00000162qqIAA,[REDACTED],Contact Sales,[REDACTED] Closed Won,[REDACTED],0,[REDACTED],[REDACTED]
003Dm00000162bTIAQ,006Dm000001qztYIAQ,Contact Sales,Referred to [REDACTED],50000,0,[REDACTED],[REDACTED]
003Dm00000162biIAA,006Dm000001qztsIAA,Drift,Closed Lost,30000,0,[REDACTED],[REDACTED]
003Dm00000162Z3IAI,006Dm000001qzsGIAQ,Contact Sales,Development,40000,0,[REDACTED],[REDACTED]
003Dm00000162eCIAQ,006Dm000001qzvjIAA,Drift,Closed Lost,69250,0,[REDACTED],[REDACTED]
003Dm00000162YQIAY,006Dm000001qzrnIAA,Contact Sales,Closed Lost,40000,0,[REDACTED],[REDACTED]
003Dm00000162Y0IAI,006Dm000001qzrNIAQ,Contact Sales,Development,40000,0,[REDACTED],[REDACTED]
003Dm00000162KIIAY,006Dm000001qzdBIAQ,Contact Sales,Development,40000,0,[REDACTED],[REDACTED]
003Dm00000162YKIAY,[REDACTED],Contact Sales,Rejected [REDACTED],1,0,[REDACTED],[REDACTED]
003Dm00000162BgIAI,006Dm000001qzYpIAI,Contact Sales,Closed Lost,50000,0,[REDACTED],[REDACTED]
003Dm00000161zVIAQ,006Dm000001qzV7IAI,Contact Sales,Closed Lost,50000,0,[REDACTED],[REDACTED]
003Dm000001628mIAA,006Dm000001qzXNIAY,Contact Sales,Closed Lost,30000,0,[REDACTED],[REDACTED]
003Dm000001632NIAQ,006Dm000001qzXNIAY,Contact Sales,Closed Lost,30000,0,[REDACTED],[REDACTED]
003Dm00000161yhIAA,006Dm000001qzUnIAI,Contact Sales,Closed Lost,40000,0,[REDACTED],[REDACTED]
003Dm000001627KIAQ,006Dm000001qzXDIAY,Contact Sales,Closed Lost,80000,0,[REDACTED],[REDACTED]
003Dm00000161yIIAQ,006Dm000001qzUOIAY,Contact Sales,Rejected [REDACTED],,0,[REDACTED],[REDACTED]
003Dm00000161yEIAQ,006Dm000001qzUJIAY,Drift,[REDACTED] Closed Won,[REDACTED],0,[REDACTED],[REDACTED]
003Dm000001623cIAA,006Dm000001qzW5IAI,Contact Sales,Development,36000,0,[REDACTED],[REDACTED]
003Dm00000162AsIAI,006Dm000001qzXwIAI,Drift,[REDACTED] Closed Lost,[REDACTED],0,[REDACTED],[REDACTED]
003Dm000001628DIAQ,006Dm000001qzXIIAY,Contact Sales,Development,50000,0,[REDACTED],[REDACTED]
003Dm00000161bQIAQ,006Dm000001qzGgIAI,Contact Sales,Closed Lost,82500,0,[REDACTED],[REDACTED]
003Dm00000161d7IAA,006Dm000001qzIrIAI,Contact Sales,Development,[REDACTED],0,[REDACTED],[REDACTED]
003Dm00000161g6IAA,006Dm000001qzLMIAY,Contact Sales,Rejected [REDACTED],50000,0,[REDACTED],[REDACTED]
[REDACTED],006Dm000001qzSDIAY,Contact Sales,Closed Lost,[REDACTED],0,[REDACTED],[REDACTED]
003Dm00000161iaIAA,006Dm000001qzMtIAI,Contact Sales,Solution Design,63000,0,[REDACTED],[REDACTED]
003Dm00000161c4IAA,006Dm000001qzHjIAI,Contact Sales,Proposal,[REDACTED],0,[REDACTED],[REDACTED]
003Dm00000161dRIAQ,006Dm000001qzJGIAY,Contact Sales,[REDACTED] Closed Lost,[REDACTED],0,[REDACTED],[REDACTED]
003Dm00000161GYIAY,006Dm000001qz9BIAQ,Contact Sales,Proposal,[REDACTED],0,[REDACTED],[REDACTED]
003Dm00000161aiIAA,006Dm000001qzG8IAI,Contact Sales,Closed Lost,40000,0,[REDACTED],[REDACTED]
003Dm00000161GdIAI,006Dm000001qz9GIAQ,Contact Sales,Proposal,105000,0,[REDACTED],[REDACTED]
003Dm00000161A0IAI,006Dm000001qz6vIAA,Contact Sales,Legal Negotiation,[REDACTED],0,[REDACTED],[REDACTED]
0031R00002SvFddQAF,006Dm000001qz7yIAA,Contact Sales,Referred to [REDACTED],[REDACTED],0,[REDACTED],[REDACTED]
003Dm000001619WIAQ,006Dm000001qz6CIAQ,Contact Sales,Rejected [REDACTED],[REDACTED],0,[REDACTED],[REDACTED]
003Dm00000161KrIAI,006Dm000001qzAYIAY,Contact Sales,[REDACTED] Closed Won,3192,0,[REDACTED],[REDACTED]
003Dm00000161ZVIAY,006Dm000001qzFTIAY,Drift,Referred to [REDACTED],39900,0,[REDACTED],[REDACTED]
003Dm00000161IKIAY,006Dm000001qzA9IAI,Contact Sales,Proposal,90000,0,[REDACTED],[REDACTED]
003Dm00000160rCIAQ,006Dm000001qypkIAA,Contact Sales,Solution Design,40000,0,[REDACTED],[REDACTED]
003Dm00000160sUIAQ,006Dm000001qyqTIAQ,Contact Sales,Closed Lost,40000,0,[REDACTED],[REDACTED]
003Dm00000160pKIAQ,006Dm000001qypQIAQ,Contact Sales,Development,[REDACTED],0,[REDACTED],[REDACTED]
003Dm00000160r8IAA,006Dm000001qypaIAA,Contact Sales,Closed Lost,[REDACTED],0,[REDACTED],[REDACTED]
[REDACTED],006Dm000001qysFIAQ,Contact Sales,Development,40000,0,[REDACTED],[REDACTED]
003Dm00000160yrIAA,006Dm000001qyycIAA,Contact Sales,Rejected [REDACTED],50000,0,[REDACTED],[REDACTED]
003Dm00000160oCIAQ,006Dm000001qyorIAA,Contact Sales,Rejected [REDACTED],1,0,[REDACTED],[REDACTED]
003Dm00000160tNIAQ,006Dm000001qyrWIAQ,Outbound,Closed Lost,52000,0,[REDACTED],[REDACTED]
003Dm000001613IIAQ,006Dm000001qz38IAA,Contact Sales,Closed Lost,[REDACTED],0,[REDACTED],[REDACTED]
003Dm00000160oWIAQ,[REDACTED],Contact Sales,Closed Lost,50000,0,[REDACTED],[REDACTED]
003Dm00000160o3IAA,006Dm000001qyocIAA,Contact Sales,Closed Lost,78000,0,[REDACTED],[REDACTED]
003Dm00000160lMIAQ,006Dm000001qynjIAA,Contact Sales,Solution Design,40000,0,[REDACTED],[REDACTED]
003Dm00000160UhIAI,006Dm000001qycgIAA,Contact Sales,Closed Lost,50000,0,[REDACTED],[REDACTED]
003Dm00000160RNIAY,006Dm000001qyazIAA,Contact Sales,Referred to [REDACTED],[REDACTED],0,[REDACTED],[REDACTED]
003Dm00000160diIAA,006Dm000001qyjSIAQ,Contact Sales,Referred to [REDACTED],45000,0,[REDACTED],[REDACTED]
003Dm00000160RcIAI,006Dm000001qyb9IAA,Nurture,Rejected [REDACTED],50000,0,[REDACTED],[REDACTED]
003Dm00000160TPIAY,006Dm000001qyc8IAA,Contact Sales,Solution Design,60000,0,[REDACTED],[REDACTED]
003Dm00000160QUIAY,006Dm000001qyaaIAA,Contact Sales,Rejected [REDACTED],,0,[REDACTED],[REDACTED]
003Dm00000160dUIAQ,006Dm000001qyjDIAQ,Contact Sales,Closed Lost,50000,0,[REDACTED],[REDACTED]
003Dm000001609gIAA,006Dm000001qyS7IAI,Contact Sales,Closed Won,[REDACTED],[REDACTED],[REDACTED],[REDACTED]
003Dm000001600HIAQ,006Dm000001qyMJIAY,Contact Sales,Closed Lost,30000,0,[REDACTED],[REDACTED]
003Dm00000160I2IAI,006Dm000001qyYFIAY,Contact Sales,Closed Lost,[REDACTED],0,[REDACTED],[REDACTED]
0031R00002U6RljQAF,006Dm000001qyNlIAI,Outbound,Closed Lost,50000,0,[REDACTED],[REDACTED]
003Dm000001604WIAQ,006Dm000001qyOKIAY,Contact Sales,Closed Lost,30000,0,[REDACTED],[REDACTED]
003Dm000001604CIAQ,006Dm000001qyOFIAY,Contact Sales,Closed Lost,50000,0,[REDACTED],[REDACTED]
003Dm000001609lIAA,006Dm000001qySCIAY,Nurture,Closed Lost,50000,0,[REDACTED],[REDACTED]
003Dm000001605AIAQ,006Dm000001qyOoIAI,Contact Sales,Closed Lost,40000,0,[REDACTED],[REDACTED]
003Dm[REDACTED]IAA,006Dm000001qyRTIAY,Contact Sales,Rejected [REDACTED],50000,0,[REDACTED],[REDACTED]
003Dm000001602gIAA,006Dm000001qyNbIAI,Contact Sales,[REDACTED] Closed Lost,[REDACTED],0,[REDACTED],[REDACTED]
003Dm0000015zeAIAQ,006Dm000001qy9jIAA,Web Content,Referred to [REDACTED],[REDACTED],0,[REDACTED],[REDACTED]
003Dm0000015zzXIAQ,006Dm000001qyLQIAY,Contact Sales,Proposal,50000,0,[REDACTED],[REDACTED]
003Dm0000015zimIAA,[REDACTED],Contact Sales,Solution Design,[REDACTED],0,[REDACTED],[REDACTED]
003Dm0000015zihIAA,006Dm000001qyDvIAI,Contact Sales,Closed Won,30000,30000,[REDACTED],[REDACTED]
003Dm0000015zdWIAQ,006Dm000001qy8vIAA,Contact Sales,Legal Negotiation,49500,0,[REDACTED],[REDACTED]
003Dm0000015zd7IAA,006Dm000001qy8qIAA,Contact Sales,Closed Lost,15000,0,[REDACTED],[REDACTED]
003Dm0000015zC7IAI,006Dm000001qxzAIAQ,Contact Sales,Development,50000,0,[REDACTED],[REDACTED]
003Dm0000015zcJIAQ,006Dm000001qy8WIAQ,Contact Sales,Referred to [REDACTED],[REDACTED],0,[REDACTED],[REDACTED]
003Dm0000015zAuIAI,006Dm000001qxxsIAA,Drift,Closed Lost,[REDACTED],0,[REDACTED],[REDACTED]
003Dm0000015zIfIAI,006Dm000001qy2xIAA,Contact Sales,Closed Lost,40000,0,[REDACTED],[REDACTED]
003Dm0000015zQBIAY,006Dm000001qy5DIAQ,Webinar,Closed Lost,35000,0,[REDACTED],[REDACTED]
003Dm0000015z93IAA,006Dm000001qxw1IAA,Contact Sales,Closed Won,45000,45000,[REDACTED],[REDACTED]
003Dm0000016EZYIA2,006Dm000001qxw1IAA,Contact Sales,Closed Won,45000,45000,[REDACTED],[REDACTED]
003Dm0000016LMBIA2,006Dm000001qxw1IAA,Contact Sales,Closed Won,45000,45000,[REDACTED],[REDACTED]
003Dm0000015zFpIAI,006Dm000001qy1kIAA,Nurture,Closed Lost,40000,0,[REDACTED],[REDACTED]
003Dm0000015zIAIAY,006Dm000001qy2sIAA,Contact Sales,Rejected [REDACTED],[REDACTED],0,[REDACTED],[REDACTED]
003Dm0000015zFuIAI,006Dm000001qy1pIAA,Contact Sales,Closed Lost,50000,0,[REDACTED],[REDACTED]
003Dm0000015zJcIAI,006Dm000001qy3MIAQ,Contact Sales,Closed Won,60000,60000,[REDACTED],[REDACTED]
003Dm0000016hhgIAA,006Dm000001qy3MIAQ,Contact Sales,Closed Won,60000,60000,[REDACTED],[REDACTED]
[REDACTED],006Dm000001qxhzIAA,Contact Sales,[REDACTED] Closed Won,[REDACTED],0,[REDACTED],[REDACTED]
003Dm0000015yreIAA,006Dm000001qxnEIAQ,Contact Sales,Closed Won,[REDACTED],[REDACTED],[REDACTED],[REDACTED]
003Dm0000031lDZIAY,006Dm000001qxnEIAQ,Contact Sales,Closed Won,[REDACTED],[REDACTED],[REDACTED],[REDACTED]
003Dm0000015z4IIAQ,006Dm000001qxvIIAQ,Contact Sales,Closed Lost,50850,0,[REDACTED],[REDACTED]
003Dm0000015ytLIAQ,006Dm000001qxnsIAA,Contact Sales,Closed Lost,44000,0,[REDACTED],[REDACTED]
003Dm0000015ynIIAQ,006Dm000001qxiiIAA,Contact Sales,Rejected [REDACTED],1,0,[REDACTED],[REDACTED]
003Dm0000015yncIAA,006Dm000001qxjCIAQ,Contact Sales,Closed Won,90000,90000,[REDACTED],[REDACTED]
003Dm0000030w7VIAQ,006Dm000001qxjCIAQ,Contact Sales,Closed Won,90000,90000,[REDACTED],[REDACTED]
003Dm0000015yu9IAA,[REDACTED],Contact Sales,Closed Lost,85000,0,[REDACTED],[REDACTED]
003Dm0000015zN9IAI,[REDACTED],Contact Sales,Closed Lost,85000,0,[REDACTED],[REDACTED]
003Dm0000015ytWIAQ,006Dm000001qxoDIAQ,Contact Sales,Closed Lost,50000,0,[REDACTED],[REDACTED]
003Dm0000015ynrIAA,006Dm000001qxjMIAQ,Contact Sales,Closed Lost,[REDACTED],0,[REDACTED],[REDACTED]
003Dm0000015yoGIAQ,006Dm000001qxjMIAQ,Contact Sales,Closed Lost,[REDACTED],0,[REDACTED],[REDACTED]
003Dm0000015ykdIAA,006Dm000001qxghIAA,Contact Sales,Proposal,50000,0,[REDACTED],[REDACTED]
003Dm0000015yn8IAA,006Dm000001qxi9IAA,Contact Sales,Closed Lost,50000,0,[REDACTED],[REDACTED]
0031R00002JWHylQAH,006Dm000001qxYYIAY,Contact Sales,Closed Lost,[REDACTED],0,[REDACTED],[REDACTED]
003Dm0000015yQYIAY,006Dm000001qxYYIAY,Contact Sales,Closed Lost,[REDACTED],0,[REDACTED],[REDACTED]
003Dm0000015yS5IAI,006Dm000001qxYYIAY,Contact Sales,Closed Lost,[REDACTED],0,[REDACTED],[REDACTED]
003Dm0000015yT8IAI,006Dm000001qxaUIAQ,Contact Sales,Development,[REDACTED],0,[REDACTED],[REDACTED]
003Dm0000016KASIA2,006Dm000001qxaUIAQ,Contact Sales,Development,[REDACTED],0,[REDACTED],[REDACTED]
003Dm0000031DWJIA2,006Dm000001qxaUIAQ,Contact Sales,Development,[REDACTED],0,[REDACTED],[REDACTED]
003Dm0000015yQJIAY,006Dm000001qxYOIAY,Contact Sales,Closed Lost,[REDACTED],0,[REDACTED],[REDACTED]
003Dm0000015yStIAI,006Dm000001qxaKIAQ,Outbound,Closed Lost,40320,0,[REDACTED],[REDACTED]
003Dm0000015yPzIAI,006Dm000001qxY4IAI,Contact Sales,Rejected [REDACTED],50000,0,[REDACTED],[REDACTED]
003Dm0000015yQ9IAI,006Dm000001qxYJIAY,Contact Sales,Closed Lost,50000,0,[REDACTED],[REDACTED]
003Dm0000015ySPIAY,[REDACTED],Drift,Closed Lost,50000,0,[REDACTED],[REDACTED]
003Dm0000015yV4IAI,006Dm000001qxc1IAA,Contact Sales,Development,[REDACTED],0,[REDACTED],[REDACTED]
003Dm0000015yJpIAI,006Dm000001qxUWIAY,Contact Sales,Referred to [REDACTED],[REDACTED],0,[REDACTED],[REDACTED]
003Dm0000015xsjIAA,006Dm000001qxKbIAI,Contact Sales,[REDACTED] Closed Won,[REDACTED],0,[REDACTED],[REDACTED]
003Dm0000015yPLIAY,006Dm000001qxXLIAY,Contact Sales,Closed Lost,[REDACTED],0,[REDACTED],[REDACTED]
003Dm0000015xrRIAQ,006Dm000001qxJsIAI,Contact Sales,Closed Lost,50000,0,[REDACTED],[REDACTED]
003Dm0000015xemIAA,006Dm000001qxAbIAI,Contact Sales,Referred to [REDACTED],[REDACTED],0,[REDACTED],[REDACTED]
003Dm0000015xljIAA,006Dm000001qxFqIAI,Contact Sales,Closed Lost,30000,0,[REDACTED],[REDACTED]
003Dm0000015xmjIAA,006Dm000001qxGtIAI,Contact Sales,Development,50000,0,[REDACTED],[REDACTED]
003Dm0000015xjwIAA,006Dm000001qxEnIAI,Contact Sales,Closed Lost,50000,0,[REDACTED],[REDACTED]
003Dm0000015xeNIAQ,006Dm000001qxACIAY,Drift,Closed Lost,30000,0,[REDACTED],[REDACTED]
003Dm0000015xcSIAQ,006Dm000001qx8pIAA,Contact Sales,[REDACTED] Closed Won,[REDACTED],0,[REDACTED],[REDACTED]
003Dm0000015xeIIAQ,006Dm000001qxA7IAI,Contact Sales,Closed Lost,[REDACTED],0,[REDACTED],[REDACTED]
003Dm0000015xCjIAI,006Dm000001qwyBIAQ,Drift,Referred to [REDACTED],50000,0,[REDACTED],[REDACTED]
003Dm0000015xVQIAY,006Dm000001qx73IAA,Contact Sales,Closed Lost,40000,0,[REDACTED],[REDACTED]
003Dm0000015xGlIAI,006Dm000001qx0bIAA,Contact Sales,[REDACTED] Closed Won,[REDACTED],0,[REDACTED],[REDACTED]
003Dm0000015xbFIAQ,006Dm000001qx86IAA,Drift,Qualified Opportunity,,0,[REDACTED],[REDACTED]
003Dm0000015xAyIAI,006Dm000001qwxSIAQ,Contact Sales,Closed Lost,50000,0,[REDACTED],[REDACTED]
003Dm0000015xGMIAY,[REDACTED],Contact Sales,[REDACTED] Closed Won,[REDACTED],0,[REDACTED],[REDACTED]
003Dm0000015xCtIAI,006Dm000001qwyGIAQ,Contact Sales,Closed Lost,23000,0,[REDACTED],[REDACTED]
003Dm0000015xJpIAI,006Dm000001qx31IAA,Contact Sales,Rejected [REDACTED],40000,0,[REDACTED],[REDACTED]
003Dm0000015xVRIAY,006Dm000001qx74IAA,Contact Sales,Closed Lost,40000,0,[REDACTED],[REDACTED]
003Dm0000015whlIAA,006Dm000001qwj6IAA,Contact Sales,Closed Lost,50000,0,[REDACTED],[REDACTED]
003Dm0000015wxiIAA,006Dm000001qwu4IAA,Contact Sales,Closed Lost,30000,0,[REDACTED],[REDACTED]
003Dm0000015wzoIAA,006Dm000001qwvqIAA,Contact Sales,Solution Design,250000,0,[REDACTED],[REDACTED]
003Dm0000015wehIAA,006Dm000001qwiDIAQ,Contact Sales,Closed Lost,50000,0,[REDACTED],[REDACTED]
003Dm0000015wiUIAQ,006Dm000001qwjpIAA,Contact Sales,Qualified Opportunity,,0,[REDACTED],[REDACTED]
0031R00002U4h5bQAB,006Dm000001qwu9IAA,Outbound,Referred to [REDACTED],[REDACTED],0,[REDACTED],[REDACTED]
003Dm0000015wnKIAQ,006Dm000001qwnIIAQ,Contact Sales,Proposal,80000,0,[REDACTED],[REDACTED]
003Dm0000015whgIAA,006Dm000001qwj1IAA,Contact Sales,[REDACTED] Closed Won,2154.6,0,[REDACTED],[REDACTED]
003Dm0000015wdZIAQ,006Dm000001qwhPIAQ,Contact Sales,Qualified Opportunity,,0,[REDACTED],[REDACTED]
003Dm0000015wYyIAI,006Dm000001qwgHIAQ,Contact Sales,Rejected [REDACTED],,0,[REDACTED],[REDACTED]
003Dm0000015weNIAQ,006Dm000001qwhtIAA,Contact Sales,Closed Lost,50000,0,[REDACTED],[REDACTED]
0031R00002syS4vQAE,0061R00001D268xQAB,Contact Sales,Closed Lost,68700,0,[REDACTED],[REDACTED]
0031R00002syQLzQAM,0061R00001D24ycQAB,Contact Sales,Referred to [REDACTED],50000,0,[REDACTED],[REDACTED]
0031R00002syQPGQA2,0061R00001D250sQAB,Contact Sales,Closed Lost,30000,0,[REDACTED],[REDACTED]
[REDACTED],0061R00001D25U4QAJ,Contact Sales,Closed Lost,70000,0,[REDACTED],[REDACTED]
003Dm0000015xlVIAQ,0061R00001D25U4QAJ,Contact Sales,Closed Lost,70000,0,[REDACTED],[REDACTED]
0031R00002syRpLQAU,0061R00001D25uHQAR,Contact Sales,Closed Lost,[REDACTED],0,[REDACTED],[REDACTED]
0031R00002syN4SQAU,0061R00001D22Q9QAJ,Contact Sales,Development,40000,0,[REDACTED],[REDACTED]
0031R00002syOKYQA2,0061R00001D23OsQAJ,Contact Sales,Rejected [REDACTED],0,0,[REDACTED],[REDACTED]
0031R00002syLM0QAM,0061R00001BCjHRQA1,Contact Sales,Development,[REDACTED],0,[REDACTED],[REDACTED]
0031R00002syOv0QAE,0061R00001D23vrQAB,Contact Sales,[REDACTED] Closed Lost,60000,0,[REDACTED],[REDACTED]
0031R00002syLRKQA2,0061R00001BCjLTQA1,Contact Sales,Proposal,250000,0,[REDACTED],[REDACTED]
0031R00002syGSEQA2,0061R00001BCffyQAD,Contact Sales,Closed Lost,30000,0,[REDACTED],[REDACTED]
0031R00002syIEjQAM,0061R00001BCgvOQAT,Contact Sales,Rejected [REDACTED],50000,0,[REDACTED],[REDACTED]
0031R00002syLR0QAM,0061R00001BCgvOQAT,Contact Sales,Rejected [REDACTED],50000,0,[REDACTED],[REDACTED]
0031R00002syGhGQAU,0061R00001BCfniQAD,Contact Sales,Rejected [REDACTED],28000,0,[REDACTED],[REDACTED]
0031R00002syHSiQAM,0061R00001BCgKDQA1,[REDACTED],Closed Lost,50000,0,[REDACTED],[REDACTED]
0031R00002syCbkQAE,[REDACTED],Contact Sales,Closed Lost,79800,0,[REDACTED],[REDACTED]
0031R00002syBV2QAM,0061R00001BCckgQAD,Contact Sales,Development,[REDACTED],0,[REDACTED],[REDACTED]
0031R00002syAyYQAU,0061R00001BCcbPQAT,Contact Sales,Development,50000,0,[REDACTED],[REDACTED]
0031R00002syAiVQAU,0061R00001BCcSwQAL,Contact Sales,Closed Lost,38000,0,[REDACTED],[REDACTED]
0031R00002syCriQAE,0061R00001BCdnlQAD,Contact Sales,[REDACTED] Closed Lost,[REDACTED],0,[REDACTED],[REDACTED]
0031R00002syC0oQAE,0061R00001BCdCBQA1,Contact Sales,Closed Lost,80000,0,[REDACTED],[REDACTED]
0031R00002sy7RHQAY,0061R00001BCa1jQAD,Contact Sales,Closed Lost,50000,0,[REDACTED],[REDACTED]
0031R00002sy9G0QAI,0061R00001BCbNWQA1,Contact Sales,Closed Lost,26000,0,[REDACTED],[REDACTED]
0031R00002sy9aZQAQ,[REDACTED],Contact Sales,Development,50000,0,[REDACTED],[REDACTED]
0031R00002rFmo2QAC,0061R00001BCYxWQAX,Contact Sales,[REDACTED] Closed Won,[REDACTED],0,[REDACTED],[REDACTED]
0031R00002sy5q3QAA,0061R00001BCYxWQAX,Contact Sales,[REDACTED] Closed Won,[REDACTED],0,[REDACTED],[REDACTED]
003Dm0000016BrLIAU,0061R00001BCYxWQAX,Contact Sales,[REDACTED] Closed Won,[REDACTED],0,[REDACTED],[REDACTED]
[REDACTED],0061R00001BCa8kQAD,Contact Sales,Closed Lost,60000,0,[REDACTED],[REDACTED]
0031R00002sy9GtQAI,0061R00001BCbOtQAL,Contact Sales,Qualified Opportunity,,0,[REDACTED],[REDACTED]
0031R00002sy8HNQAY,0061R00001BCajqQAD,Contact Sales,Development,80000,0,[REDACTED],[REDACTED]
0031R00002sy9EOQAY,0061R00001BCbM4QAL,Contact Sales,Development,40000,0,[REDACTED],[REDACTED]
0031R00002rH46iQAC,0061R00001BCUK6QAP,Contact Sales,Closed Lost,50000,0,[REDACTED],[REDACTED]
0031R00002rH3ToQAK,0061R00001BCTsgQAH,Contact Sales,Closed Lost,50000,0,[REDACTED],[REDACTED]
0031R00002rH3aRQAS,0061R00001BCTsgQAH,Contact Sales,Closed Lost,50000,0,[REDACTED],[REDACTED]
0031R00002rH3d6QAC,0061R00001BCTwiQAH,Contact Sales,Development,50000,0,[REDACTED],[REDACTED]
0031R00002rH73XQAS,0061R00001BCWGuQAP,Contact Sales,Referred to [REDACTED],40000,0,[REDACTED],[REDACTED]
0031R00002rGyw9QAC,0061R00001BCR3CQAX,Contact Sales,Closed Lost,30000,0,[REDACTED],[REDACTED]
0031R00002rGyy0QAC,0061R00001BCR3CQAX,Contact Sales,Closed Lost,30000,0,[REDACTED],[REDACTED]
0031R00002rGyjPQAS,0061R00001BCQuUQAX,Contact Sales,Referred to [REDACTED],[REDACTED],0,[REDACTED],[REDACTED]
[REDACTED],0061R00001BCSQWQA5,Contact Sales,Referred to [REDACTED],[REDACTED],0,[REDACTED],[REDACTED]
0031R00002rGyJNQA0,0061R00001BCQbIQAX,Drift,Closed Lost,200000,0,[REDACTED],[REDACTED]
0031R00002rH1CxQAK,0061R00001BCSTfQAP,Contact Sales,[REDACTED] Closed Won,[REDACTED],0,[REDACTED],[REDACTED]
0031R00002syEG5QAM,0061R00001BCSTfQAP,Contact Sales,[REDACTED] Closed Won,[REDACTED],0,[REDACTED],[REDACTED]
0031R00002syNzpQAE,0061R00001BCSTfQAP,Contact Sales,[REDACTED] Closed Won,[REDACTED],0,[REDACTED],[REDACTED]
0031R00002rGyMCQA0,0061R00001BCQcaQAH,Contact Sales,[REDACTED] Closed Won,[REDACTED],0,[REDACTED],[REDACTED]
0031R00002rGyQ8QAK,0061R00001BCQjqQAH,Contact Sales,Closed Lost,50000,0,[REDACTED],[REDACTED]
0031R00002rH1tmQAC,0061R00001BCSxGQAX,Contact Sales,Development,50000,0,[REDACTED],[REDACTED]
0031R00002rGytoQAC,0061R00001BCR1pQAH,Contact Sales,Closed Lost,50000,0,[REDACTED],[REDACTED]
0031R00002rH2skQAC,0061R00001BCTdCQAX,Contact Sales,Referred to [REDACTED],[REDACTED],0,[REDACTED],[REDACTED]
0031R00002rGtQFQA0,0061R00001BCNIcQAP,Contact Sales,Development,40000,0,[REDACTED],[REDACTED]
0031R00002rGvpgQAC,0061R00001BCP2CQAX,Contact Sales,Closed Lost,40000,0,[REDACTED],[REDACTED]
0031R00002rGti6QAC,0061R00001BCNVbQAP,Contact Sales,Closed Lost,40000,0,[REDACTED],[REDACTED]
0031R00002rGtSpQAK,0061R00001BCNKOQA5,Contact Sales,Closed Won,40000,40000,[REDACTED],[REDACTED]
0031R00002rGtAoQAK,0061R00001BCNDXQA5,Contact Sales,Closed Lost,28800,0,[REDACTED],[REDACTED]
0031R00002rGnNhQAK,0061R00001BCKHlQAP,Contact Sales,Closed Won,34000,34000,[REDACTED],[REDACTED]
003Dm0000032CNyIAM,0061R00001BCKHlQAP,Contact Sales,Closed Won,34000,34000,[REDACTED],[REDACTED]
0031R00002rGmpVQAS,0061R00001BCJtZQAX,Contact Sales,Closed Lost,50000,0,[REDACTED],[REDACTED]
[REDACTED],0061R00001BCKYcQAP,Contact Sales,Closed Won,105000,105000,[REDACTED],[REDACTED]
0031R00002rGqzJQAS,[REDACTED],Contact Sales,Closed Lost,[REDACTED],0,[REDACTED],[REDACTED]
0031R00002rGqouQAC,0061R00001BCMviQAH,Contact Sales,Rejected [REDACTED],1,0,[REDACTED],[REDACTED]
0031R00002rGn21QAC,0061R00001BCK35QAH,Contact Sales,[REDACTED] Closed Won,[REDACTED],0,[REDACTED],[REDACTED]
003Dm0000031lGsIAI,0061R00001BCK35QAH,Contact Sales,[REDACTED] Closed Won,[REDACTED],0,[REDACTED],[REDACTED]
0031R00002rGakRQAS,0061R00001BCCsKQAX,Contact Sales,Closed Lost,[REDACTED],0,[REDACTED],[REDACTED]
0031R00002rGSAxQAO,0061R00001BC8BIQA1,Contact Sales,Rejected [REDACTED],,0,[REDACTED],[REDACTED]
0031R00002rGSQyQAO,0061R00001BC8HoQAL,Contact Sales,Referred to [REDACTED],[REDACTED],0,[REDACTED],[REDACTED]
0031R00002rGSGZQA4,0061R00001BC8F9QAL,Contact Sales,Solution Design,80000,0,[REDACTED],[REDACTED]
